"날짜","종가","오픈","고가","저가","거래량","변동 %"
"2021년 06월 28일","71.54","71.54","71.54","71.54","-","-0.16%"
"2021년 06월 25일","71.65","71.65","71.65","71.65","-","0.08%"
"2021년 06월 24일","71.60","71.60","71.60","71.60","-","0.11%"
"2021년 06월 23일","71.52","71.52","71.52","71.52","-","0.15%"
"2021년 06월 22일","71.41","71.41","71.41","71.41","-","-0.09%"
"2021년 06월 21일","71.48","71.48","71.48","71.48","-","0.57%"
"2021년 06월 18일","71.07","71.07","71.07","71.07","-","0.19%"
"2021년 06월 17일","70.94","70.94","70.94","70.94","-","-0.87%"
"2021년 06월 16일","71.56","71.56","71.56","71.56","-","0.24%"
"2021년 06월 15일","71.39","71.39","71.39","71.39","-","0.86%"
"2021년 06월 14일","70.78","70.78","70.78","70.78","-","0.24%"
"2021년 06월 11일","70.61","70.61","70.61","70.61","-","0.13%"
"2021년 06월 10일","70.52","70.52","70.52","70.52","-","0.25%"
"2021년 06월 09일","70.34","70.34","70.34","70.34","-","-0.03%"
"2021년 06월 08일","70.36","70.36","70.36","70.36","-","0.75%"
"2021년 06월 07일","69.84","69.84","69.84","69.84","-","-0.27%"
"2021년 06월 04일","70.03","70.03","70.03","70.03","-","0.81%"
"2021년 06월 03일","69.47","69.47","69.47","69.47","-","-0.04%"
"2021년 06월 02일","69.50","69.50","69.50","69.50","-","1.47%"
"2021년 06월 01일","68.49","68.49","68.49","68.49","-","3.34%"
"2021년 05월 28일","66.28","66.28","66.28","66.28","-","-0.06%"
"2021년 05월 27일","66.32","66.32","66.32","66.32","-","-0.03%"
"2021년 05월 26일","66.33","66.33","66.33","66.33","-","0.05%"
"2021년 05월 25일","66.30","66.30","66.30","66.30","-","0.06%"
"2021년 05월 24일","66.26","66.26","66.26","66.26","-","0.82%"
"2021년 05월 21일","65.73","65.73","65.73","65.73","-","0.51%"
"2021년 05월 20일","65.39","65.39","65.39","65.39","-","-0.79%"
"2021년 05월 19일","65.92","65.92","65.92","65.92","-","-1.09%"
"2021년 05월 18일","66.64","66.64","66.64","66.64","-","-0.27%"
"2021년 05월 17일","66.82","66.82","66.82","66.82","-","0.74%"
"2021년 05월 14일","66.33","66.33","66.33","66.33","-","1.39%"
"2021년 05월 13일","65.42","65.42","65.42","65.42","-","-2.02%"
"2021년 05월 12일","66.77","66.77","66.77","66.77","-","0.68%"
"2021년 05월 11일","66.32","66.32","66.32","66.32","-","0.18%"
"2021년 05월 10일","66.20","66.20","66.20","66.20","-","0.09%"
"2021년 05월 07일","66.15","66.15","66.15","66.15","-","0.21%"
"2021년 05월 06일","66.01","66.01","66.01","66.01","-","-0.97%"
"2021년 05월 05일","66.65","66.65","66.65","66.65","-","0.47%"
"2021년 05월 04일","66.35","66.35","66.35","66.35","-","2.03%"
"2021년 05월 03일","65.03","65.03","65.03","65.03","-","3.39%"
"2021년 04월 30일","62.89","62.89","62.89","62.89","-","0.00%"
"2021년 04월 29일","62.90","62.90","62.90","62.90","-","0.13%"
"2021년 04월 28일","62.81","62.81","62.81","62.81","-","0.11%"
"2021년 04월 27일","62.75","62.75","62.75","62.75","-","0.21%"
"2021년 04월 26일","62.62","62.62","62.62","62.62","-","-0.30%"
"2021년 04월 23일","62.80","62.80","62.80","62.80","-","0.19%"
"2021년 04월 22일","62.68","62.68","62.68","62.68","-","-0.05%"
"2021년 04월 21일","62.71","62.71","62.71","62.71","-","-0.81%"
"2021년 04월 20일","63.23","63.23","63.23","63.23","-","-0.39%"
"2021년 04월 19일","63.47","63.47","63.47","63.47","-","0.09%"
"2021년 04월 16일","63.42","63.42","63.42","63.42","-","-0.10%"
"2021년 04월 15일","63.48","63.48","63.48","63.48","-","0.34%"
"2021년 04월 14일","63.26","63.26","63.26","63.26","-","2.82%"
"2021년 04월 13일","61.53","61.53","61.53","61.53","-","0.37%"
"2021년 04월 12일","61.30","61.30","61.30","61.30","-","0.19%"
"2021년 04월 09일","61.19","61.19","61.19","61.19","-","-0.45%"
"2021년 04월 08일","61.47","61.47","61.47","61.47","-","0.02%"
"2021년 04월 07일","61.46","61.46","61.46","61.46","-","0.82%"
"2021년 04월 06일","60.96","60.96","60.96","60.96","-","0.41%"
"2021년 04월 05일","60.71","60.71","60.71","60.71","-","-4.05%"
"2021년 04월 01일","63.27","63.27","63.27","63.27","-","-1.78%"
"2021년 03월 31일","64.41","64.41","64.41","64.41","-","0.01%"
"2021년 03월 30일","64.41","64.41","64.41","64.41","-","-0.02%"
"2021년 03월 29일","64.42","64.42","64.42","64.42","-","-0.02%"
"2021년 03월 26일","64.43","64.43","64.43","64.43","-","0.61%"
"2021년 03월 25일","64.05","64.05","64.05","64.05","-","-0.71%"
"2021년 03월 24일","64.50","64.50","64.50","64.50","-","1.23%"
"2021년 03월 23일","63.72","63.72","63.72","63.72","-","-1.52%"
"2021년 03월 22일","64.71","64.71","64.71","64.71","-","0.21%"
"2021년 03월 19일","64.57","64.57","64.57","64.57","-","1.05%"
"2021년 03월 18일","63.90","63.90","63.90","63.90","-","-2.84%"
"2021년 03월 17일","65.77","65.77","65.77","65.77","-","-0.43%"
"2021년 03월 16일","66.05","66.05","66.05","66.05","-","-0.49%"
"2021년 03월 15일","66.38","66.38","66.38","66.38","-","-0.19%"
"2021년 03월 12일","66.50","66.50","66.50","66.50","-","-0.22%"
"2021년 03월 11일","66.65","66.65","66.65","66.65","-","1.69%"
"2021년 03월 10일","65.54","65.54","65.54","65.54","-","0.26%"
"2021년 03월 09일","65.37","65.37","65.37","65.37","-","-0.70%"
"2021년 03월 08일","65.84","65.84","65.84","65.84","-","-1.58%"
"2021년 03월 05일","66.89","66.89","66.89","66.89","-","3.23%"
"2021년 03월 04일","64.80","64.80","64.80","64.80","-","3.59%"
"2021년 03월 03일","62.55","62.55","62.55","62.55","-","2.00%"
"2021년 03월 02일","61.33","61.33","61.33","61.33","-","-1.53%"
"2021년 03월 01일","62.28","62.28","62.28","62.28","-","2.34%"
"2021년 02월 26일","60.85","60.85","60.85","60.85","-","0.03%"
"2021년 02월 25일","60.84","60.84","60.84","60.84","-","0.04%"
"2021년 02월 24일","60.81","60.81","60.81","60.81","-","0.29%"
"2021년 02월 23일","60.63","60.63","60.63","60.63","-","0.02%"
"2021년 02월 22일","60.62","60.62","60.62","60.62","-","0.70%"
"2021년 02월 19일","60.20","60.20","60.20","60.20","-","-0.66%"
"2021년 02월 18일","60.59","60.59","60.59","60.59","-","-0.49%"
"2021년 02월 17일","60.89","60.89","60.89","60.89","-","0.48%"
"2021년 02월 16일","60.60","60.60","60.60","60.60","-","0.61%"
"2021년 02월 12일","60.23","60.23","60.23","60.23","-","1.13%"
"2021년 02월 11일","59.56","59.56","59.56","59.56","-","-0.23%"
"2021년 02월 10일","59.69","59.69","59.69","59.69","-","0.10%"
"2021년 02월 09일","59.63","59.63","59.63","59.63","-","0.45%"
"2021년 02월 08일","59.36","59.36","59.36","59.36","-","1.65%"
"2021년 02월 05일","58.40","58.40","58.40","58.40","-","0.74%"
"2021년 02월 04일","57.97","57.97","57.97","57.97","-","0.48%"
"2021년 02월 03일","57.69","57.69","57.69","57.69","-","1.73%"
"2021년 02월 02일","56.71","56.71","56.71","56.71","-","1.88%"
"2021년 02월 01일","55.66","55.66","55.66","55.66","-","1.62%"
"2021년 01월 29일","54.77","54.77","54.77","54.77","-","0.02%"
"2021년 01월 28일","54.76","54.76","54.76","54.76","-","-0.09%"
"2021년 01월 27일","54.81","54.81","54.81","54.81","-","-0.02%"
"2021년 01월 26일","54.82","54.82","54.82","54.82","-","-0.08%"
"2021년 01월 25일","54.87","54.87","54.87","54.87","-","0.20%"
"2021년 01월 22일","54.76","54.76","54.76","54.76","-","-0.35%"
"2021년 01월 21일","54.95","54.95","54.95","54.95","-","-0.02%"
"2021년 01월 20일","54.97","54.97","54.97","54.97","-","0.14%"
"2021년 01월 19일","54.89","54.89","54.89","54.89","-","0.66%"
"2021년 01월 15일","54.53","54.53","54.53","54.53","-","-1.15%"
"2021년 01월 14일","55.17","55.17","55.17","55.17","-","0.37%"
"2021년 01월 13일","54.96","54.96","54.96","54.96","-","-0.73%"
"2021년 01월 12일","55.37","55.37","55.37","55.37","-","1.08%"
"2021년 01월 11일","54.78","54.78","54.78","54.78","-","-0.51%"
"2021년 01월 08일","55.06","55.06","55.06","55.06","-","2.37%"
"2021년 01월 07일","53.78","53.78","53.78","53.78","-","0.28%"
"2021년 01월 06일","53.63","53.63","53.63","53.63","-","1.50%"
"2021년 01월 05일","52.84","52.84","52.84","52.84","-","4.40%"
"2021년 01월 04일","50.61","50.61","50.61","50.61","-","1.60%"
"2020년 12월 31일","49.81","49.81","49.81","49.81","-","0.00%"
"2020년 12월 30일","49.82","49.82","49.82","49.82","-","0.07%"
"2020년 12월 29일","49.78","49.78","49.78","49.78","-","0.01%"
"2020년 12월 28일","49.77","49.77","49.77","49.77","-","-0.13%"
"2020년 12월 24일","49.84","49.84","49.84","49.84","-","0.04%"
"2020년 12월 23일","49.81","49.81","49.81","49.81","-","0.49%"
"2020년 12월 22일","49.57","49.57","49.57","49.57","-","-0.58%"
"2020년 12월 21일","49.86","49.86","49.86","49.86","-","-0.96%"
"2020년 12월 18일","50.34","50.34","50.34","50.34","-","0.53%"
"2020년 12월 17일","50.08","50.08","50.08","50.08","-","0.23%"
"2020년 12월 16일","49.96","49.96","49.96","49.96","-","0.30%"
"2020년 12월 15일","49.81","49.81","49.81","49.81","-","0.72%"
"2020년 12월 14일","49.46","49.46","49.46","49.46","-","0.48%"
"2020년 12월 11일","49.22","49.22","49.22","49.22","-","-0.13%"
"2020년 12월 10일","49.29","49.29","49.29","49.29","-","1.80%"
"2020년 12월 09일","48.42","48.42","48.42","48.42","-","0.28%"
"2020년 12월 08일","48.28","48.28","48.28","48.28","-","0.12%"
"2020년 12월 07일","48.23","48.23","48.23","48.23","-","-0.26%"
"2020년 12월 04일","48.35","48.35","48.35","48.35","-","0.65%"
"2020년 12월 03일","48.04","48.04","48.04","48.04","-","0.78%"
"2020년 12월 02일","47.67","47.67","47.67","47.67","-","1.51%"
"2020년 12월 01일","46.96","46.96","46.96","46.96","-","8.22%"
"2020년 11월 30일","43.39","43.39","43.39","43.39","-","-0.10%"
"2020년 11월 27일","43.44","43.44","43.44","43.44","-","-0.19%"
"2020년 11월 25일","43.52","43.52","43.52","43.52","-","0.29%"
"2020년 11월 24일","43.40","43.40","43.40","43.40","-","0.74%"
"2020년 11월 23일","43.08","43.08","43.08","43.08","-","0.55%"
"2020년 11월 20일","42.84","42.84","42.84","42.84","-","0.57%"
"2020년 11월 19일","42.60","42.60","42.60","42.60","-","-0.22%"
"2020년 11월 18일","42.69","42.69","42.69","42.69","-","0.48%"
"2020년 11월 17일","42.49","42.49","42.49","42.49","-","-0.08%"
"2020년 11월 16일","42.52","42.52","42.52","42.52","-","1.55%"
"2020년 11월 13일","41.87","41.87","41.87","41.87","-","-1.17%"
"2020년 11월 12일","42.37","42.37","42.37","42.37","-","0.03%"
"2020년 11월 11일","42.36","42.36","42.36","42.36","-","0.39%"
"2020년 11월 10일","42.19","42.19","42.19","42.19","-","1.90%"
"2020년 11월 09일","41.40","41.40","41.40","41.40","-","5.40%"
"2020년 11월 06일","39.28","39.28","39.28","39.28","-","-2.14%"
"2020년 11월 05일","40.14","40.14","40.14","40.14","-","-1.00%"
"2020년 11월 04일","40.55","40.55","40.55","40.55","-","3.54%"
"2020년 11월 03일","39.16","39.16","39.16","39.16","-","2.11%"
"2020년 11월 02일","38.36","38.36","38.36","38.36","-","-5.67%"
"2020년 10월 30일","40.66","40.66","40.66","40.66","-","-0.05%"
"2020년 10월 29일","40.68","40.68","40.68","40.68","-","-0.17%"
"2020년 10월 28일","40.75","40.75","40.75","40.75","-","-0.56%"
"2020년 10월 27일","40.98","40.98","40.98","40.98","-","0.23%"
"2020년 10월 26일","40.89","40.89","40.89","40.89","-","-0.62%"
"2020년 10월 23일","41.14","41.14","41.14","41.14","-","-0.40%"
"2020년 10월 22일","41.31","41.31","41.31","41.31","-","0.58%"
"2020년 10월 21일","41.07","41.07","41.07","41.07","-","-1.26%"
"2020년 10월 20일","41.59","41.59","41.59","41.59","-","0.52%"
"2020년 10월 19일","41.37","41.37","41.37","41.37","-","-0.26%"
"2020년 10월 16일","41.48","41.48","41.48","41.48","-","-0.40%"
"2020년 10월 15일","41.65","41.65","41.65","41.65","-","-0.31%"
"2020년 10월 14일","41.78","41.78","41.78","41.78","-","1.31%"
"2020년 10월 13일","41.24","41.24","41.24","41.24","-","1.13%"
"2020년 10월 12일","40.78","40.78","40.78","40.78","-","-1.69%"
"2020년 10월 09일","41.48","41.48","41.48","41.48","-","-0.94%"
"2020년 10월 08일","41.88","41.88","41.88","41.88","-","2.19%"
"2020년 10월 07일","40.98","40.98","40.98","40.98","-","-1.41%"
"2020년 10월 06일","41.56","41.56","41.56","41.56","-","2.83%"
"2020년 10월 05일","40.42","40.42","40.42","40.42","-","5.04%"
"2020년 10월 02일","38.48","38.48","38.48","38.48","-","-4.53%"
"2020년 10월 01일","40.30","40.30","40.30","40.30","-","-2.87%"
"2020년 09월 30일","41.49","41.49","41.49","41.49","-","-0.09%"
"2020년 09월 29일","41.53","41.53","41.53","41.53","-","-0.22%"
"2020년 09월 28일","41.62","41.62","41.62","41.62","-","0.05%"
"2020년 09월 25일","41.60","41.60","41.60","41.60","-","0.09%"
"2020년 09월 24일","41.56","41.56","41.56","41.56","-","0.19%"
"2020년 09월 23일","41.49","41.49","41.49","41.49","-","-0.02%"
"2020년 09월 22일","41.50","41.50","41.50","41.50","-","0.21%"
"2020년 09월 21일","41.41","41.41","41.41","41.41","-","-1.43%"
"2020년 09월 18일","42.01","42.01","42.01","42.01","-","-0.02%"
"2020년 09월 17일","42.02","42.02","42.02","42.02","-","1.06%"
"2020년 09월 16일","41.58","41.58","41.58","41.58","-","2.18%"
"2020년 09월 15일","40.69","40.69","40.69","40.69","-","1.34%"
"2020년 09월 14일","40.15","40.15","40.15","40.15","-","-0.23%"
"2020년 09월 11일","40.24","40.24","40.24","40.24","-","-0.01%"
"2020년 09월 10일","40.25","40.25","40.25","40.25","-","-1.29%"
"2020년 09월 09일","40.78","40.78","40.78","40.78","-","1.44%"
"2020년 09월 08일","40.20","40.20","40.20","40.20","-","-5.67%"
"2020년 09월 04일","42.61","42.61","42.61","42.61","-","-2.29%"
"2020년 09월 03일","43.61","43.61","43.61","43.61","-","-0.50%"
"2020년 09월 02일","43.83","43.83","43.83","43.83","-","-2.27%"
"2020년 09월 01일","44.85","44.85","44.85","44.85","-","1.95%"
"2020년 08월 31일","43.99","43.99","43.99","43.99","-","0.10%"
"2020년 08월 28일","43.94","43.94","43.94","43.94","-","-0.05%"
"2020년 08월 27일","43.96","43.96","43.96","43.96","-","0.00%"
"2020년 08월 26일","43.96","43.96","43.96","43.96","-","-0.09%"
"2020년 08월 25일","44.00","44.00","44.00","44.00","-","0.20%"
"2020년 08월 24일","43.91","43.91","43.91","43.91","-","0.50%"
"2020년 08월 21일","43.69","43.69","43.69","43.69","-","-0.21%"
"2020년 08월 20일","43.78","43.78","43.78","43.78","-","-0.39%"
"2020년 08월 19일","43.96","43.96","43.96","43.96","-","-0.01%"
"2020년 08월 18일","43.96","43.96","43.96","43.96","-","0.42%"
"2020년 08월 17일","43.78","43.78","43.78","43.78","-","0.89%"
"2020년 08월 14일","43.39","43.39","43.39","43.39","-","-0.45%"
"2020년 08월 13일","43.59","43.59","43.59","43.59","-","-0.87%"
"2020년 08월 12일","43.97","43.97","43.97","43.97","-","1.36%"
"2020년 08월 11일","43.38","43.38","43.38","43.38","-","-0.92%"
"2020년 08월 10일","43.78","43.78","43.78","43.78","-","1.03%"
"2020년 08월 07일","43.33","43.33","43.33","43.33","-","-0.64%"
"2020년 08월 06일","43.61","43.61","43.61","43.61","-","-0.60%"
"2020년 08월 05일","43.88","43.88","43.88","43.88","-","1.11%"
"2020년 08월 04일","43.40","43.40","43.40","43.40","-","0.02%"
"2020년 08월 03일","43.39","43.39","43.39","43.39","-","1.98%"
"2020년 07월 31일","42.54","42.54","42.54","42.54","-","-1.70%"
"2020년 07월 30일","43.28","43.28","43.28","43.28","-","-0.04%"
"2020년 07월 29일","43.29","43.29","43.29","43.29","-","0.03%"
"2020년 07월 28일","43.28","43.28","43.28","43.28","-","-0.12%"
"2020년 07월 27일","43.33","43.33","43.33","43.33","-","0.11%"
"2020년 07월 24일","43.28","43.28","43.28","43.28","-","-0.04%"
"2020년 07월 23일","43.30","43.30","43.30","43.30","-","-0.72%"
"2020년 07월 22일","43.62","43.62","43.62","43.62","-","0.08%"
"2020년 07월 21일","43.58","43.58","43.58","43.58","-","1.22%"
"2020년 07월 20일","43.05","43.05","43.05","43.05","-","0.13%"
"2020년 07월 17일","43.00","43.00","43.00","43.00","-","-0.70%"
"2020년 07월 16일","43.30","43.30","43.30","43.30","-","-1.10%"
"2020년 07월 15일","43.78","43.78","43.78","43.78","-","1.31%"
"2020년 07월 14일","43.22","43.22","43.22","43.22","-","0.28%"
"2020년 07월 13일","43.10","43.10","43.10","43.10","-","-0.70%"
"2020년 07월 10일","43.40","43.40","43.40","43.40","-","1.43%"
"2020년 07월 09일","42.79","42.79","42.79","42.79","-","-1.16%"
"2020년 07월 08일","43.29","43.29","43.29","43.29","-","0.47%"
"2020년 07월 07일","43.09","43.09","43.09","43.09","-","0.46%"
"2020년 07월 06일","42.89","42.89","42.89","42.89","-","-0.72%"
"2020년 07월 02일","43.20","43.20","43.20","43.20","-","2.23%"
"2020년 07월 01일","42.26","42.26","42.26","42.26","-","3.60%"
"2020년 06월 30일","40.79","40.79","40.79","40.79","-","-0.01%"
"2020년 06월 29일","40.80","40.80","40.80","40.80","-","-0.02%"
"2020년 06월 26일","40.81","40.81","40.81","40.81","-","0.05%"
"2020년 06월 25일","40.78","40.78","40.78","40.78","-","0.35%"
"2020년 06월 24일","40.64","40.64","40.64","40.64","-","-0.97%"
"2020년 06월 23일","41.04","41.04","41.04","41.04","-","-0.20%"
"2020년 06월 22일","41.12","41.12","41.12","41.12","-","0.12%"
"2020년 06월 19일","41.07","41.07","41.07","41.07","-","1.09%"
"2020년 06월 18일","40.63","40.63","40.63","40.63","-","1.00%"
"2020년 06월 17일","40.23","40.23","40.23","40.23","-","-0.14%"
"2020년 06월 16일","40.28","40.28","40.28","40.28","-","1.08%"
"2020년 06월 15일","39.85","39.85","39.85","39.85","-","0.89%"
"2020년 06월 12일","39.50","39.50","39.50","39.50","-","0.15%"
"2020년 06월 11일","39.44","39.44","39.44","39.44","-","-5.01%"
"2020년 06월 10일","41.52","41.52","41.52","41.52","-","1.72%"
"2020년 06월 09일","40.82","40.82","40.82","40.82","-","0.31%"
"2020년 06월 08일","40.69","40.69","40.69","40.69","-","-1.51%"
"2020년 06월 05일","41.32","41.32","41.32","41.32","-","5.53%"
"2020년 06월 04일","39.15","39.15","39.15","39.15","-","-0.27%"
"2020년 06월 03일","39.26","39.26","39.26","39.26","-","0.21%"
"2020년 06월 02일","39.17","39.17","39.17","39.17","-","2.23%"
"2020년 06월 01일","38.32","38.32","38.32","38.32","-","25.77%"
"2020년 05월 29일","30.47","30.47","30.47","30.47","-","-0.15%"
"2020년 05월 28일","30.51","30.51","30.51","30.51","-","0.28%"
"2020년 05월 27일","30.43","30.43","30.43","30.43","-","-0.53%"
"2020년 05월 26일","30.59","30.59","30.59","30.59","-","0.82%"
"2020년 05월 22일","30.34","30.34","30.34","30.34","-","-0.92%"
"2020년 05월 21일","30.62","30.62","30.62","30.62","-","0.18%"
"2020년 05월 20일","30.57","30.57","30.57","30.57","-","0.49%"
"2020년 05월 19일","30.42","30.42","30.42","30.42","-","-0.42%"
"2020년 05월 18일","30.55","30.55","30.55","30.55","-","2.51%"
"2020년 05월 15일","29.80","29.80","29.80","29.80","-","2.05%"
"2020년 05월 14일","29.20","29.20","29.20","29.20","-","9.45%"
"2020년 05월 13일","26.68","26.68","26.68","26.68","-","-0.48%"
"2020년 05월 12일","26.81","26.81","26.81","26.81","-","-1.69%"
"2020년 05월 11일","27.27","27.27","27.27","27.27","-","-4.45%"
"2020년 05월 08일","28.54","28.54","28.54","28.54","-","5.16%"
"2020년 05월 07일","27.14","27.14","27.14","27.14","-","-0.77%"
"2020년 05월 06일","27.35","27.35","27.35","27.35","-","-5.49%"
"2020년 05월 05일","28.94","28.94","28.94","28.94","-","10.46%"
"2020년 05월 04일","26.20","26.20","26.20","26.20","-","3.56%"
"2020년 05월 01일","25.30","25.30","25.30","25.30","-","24.08%"
"2020년 04월 30일","20.39","20.39","20.39","20.39","-","0.05%"
"2020년 04월 29일","20.38","20.38","20.38","20.38","-","-0.15%"
"2020년 04월 28일","20.41","20.41","20.41","20.41","-","0.20%"
"2020년 04월 27일","20.37","20.37","20.37","20.37","-","-0.39%"
"2020년 04월 24일","20.45","20.45","20.45","20.45","-","0.00%"
"2020년 04월 23일","20.45","20.45","20.45","20.45","-","2.25%"
"2020년 04월 22일","20.00","20.00","20.00","20.00","-","4.88%"
"2020년 04월 21일","19.07","19.07","19.07","19.07","-","-11.18%"
"2020년 04월 20일","21.47","21.47","21.47","21.47","-","-3.42%"
"2020년 04월 17일","22.23","22.23","22.23","22.23","-","2.40%"
"2020년 04월 16일","21.71","21.71","21.71","21.71","-","1.16%"
"2020년 04월 15일","21.46","21.46","21.46","21.46","-","-2.28%"
"2020년 04월 14일","21.96","21.96","21.96","21.96","-","-11.24%"
"2020년 04월 13일","24.74","24.74","24.74","24.74","-","6.36%"
"2020년 04월 09일","23.26","23.26","23.26","23.26","-","-11.09%"
"2020년 04월 08일","26.16","26.16","26.16","26.16","-","0.62%"
"2020년 04월 07일","26.00","26.00","26.00","26.00","-","-5.28%"
"2020년 04월 06일","27.45","27.45","27.45","27.45","-","-6.60%"
"2020년 04월 03일","29.39","29.39","29.39","29.39","-","12.35%"
"2020년 04월 02일","26.16","26.16","26.16","26.16","-","16.47%"
"2020년 04월 01일","22.46","22.46","22.46","22.46","-","-33.35%"
"2020년 03월 31일","33.70","33.70","33.70","33.70","-","-0.41%"
"2020년 03월 30일","33.84","33.84","33.84","33.84","-","-0.21%"
"2020년 03월 27일","33.91","33.91","33.91","33.91","-","-0.47%"
"2020년 03월 26일","34.07","34.07","34.07","34.07","-","-0.23%"
"2020년 03월 25일","34.15","34.15","34.15","34.15","-","0.47%"
"2020년 03월 24일","33.99","33.99","33.99","33.99","-","0.09%"
"2020년 03월 23일","33.96","33.96","33.96","33.96","-","-0.26%"
"2020년 03월 20일","34.05","34.05","34.05","34.05","-","-1.56%"
"2020년 03월 19일","34.59","34.59","34.59","34.59","-","2.92%"
"2020년 03월 18일","33.61","33.61","33.61","33.61","-","-4.71%"
"2020년 03월 17일","35.27","35.27","35.27","35.27","-","-0.51%"
"2020년 03월 16일","35.45","35.45","35.45","35.45","-","-4.09%"
"2020년 03월 13일","36.96","36.96","36.96","36.96","-","1.79%"
"2020년 03월 12일","36.31","36.31","36.31","36.31","-","-3.48%"
"2020년 03월 11일","37.62","37.62","37.62","37.62","-","-1.36%"
"2020년 03월 10일","38.14","38.14","38.14","38.14","-","5.18%"
"2020년 03월 09일","36.26","36.26","36.26","36.26","-","-20.67%"
"2020년 03월 06일","45.71","45.71","45.71","45.71","-","-8.07%"
"2020년 03월 05일","49.72","49.72","49.72","49.72","-","-1.51%"
"2020년 03월 04일","50.48","50.48","50.48","50.48","-","-0.88%"
"2020년 03월 03일","50.93","50.93","50.93","50.93","-","-0.04%"
"2020년 03월 02일","50.95","50.95","50.95","50.95","-","-6.03%"
"2020년 02월 28일","54.22","54.22","54.22","54.22","-","-0.06%"
"2020년 02월 27일","54.25","54.25","54.25","54.25","-","-0.15%"
"2020년 02월 26일","54.33","54.33","54.33","54.33","-","-0.39%"
"2020년 02월 25일","54.54","54.54","54.54","54.54","-","-0.26%"
"2020년 02월 24일","54.68","54.68","54.68","54.68","-","-1.07%"
"2020년 02월 21일","55.27","55.27","55.27","55.27","-","-0.49%"
"2020년 02월 20일","55.54","55.54","55.54","55.54","-","-0.20%"
"2020년 02월 19일","55.65","55.65","55.65","55.65","-","0.91%"
"2020년 02월 18일","55.15","55.15","55.15","55.15","-","-0.34%"
"2020년 02월 14일","55.34","55.34","55.34","55.34","-","0.69%"
"2020년 02월 13일","54.96","54.96","54.96","54.96","-","0.68%"
"2020년 02월 12일","54.59","54.59","54.59","54.59","-","2.06%"
"2020년 02월 11일","53.49","53.49","53.49","53.49","-","0.92%"
"2020년 02월 10일","53.00","53.00","53.00","53.00","-","-2.00%"
"2020년 02월 07일","54.08","54.08","54.08","54.08","-","-0.52%"
"2020년 02월 06일","54.36","54.36","54.36","54.36","-","-0.31%"
"2020년 02월 05일","54.53","54.53","54.53","54.53","-","2.67%"
"2020년 02월 04일","53.11","53.11","53.11","53.11","-","-0.73%"
"2020년 02월 03일","53.50","53.50","53.50","53.50","-","-16.78%"
"2020년 01월 31일","64.29","64.29","64.29","64.29","-","0.19%"
"2020년 01월 30일","64.17","64.17","64.17","64.17","-","-0.31%"
"2020년 01월 29일","64.37","64.37","64.37","64.37","-","0.05%"
"2020년 01월 28일","64.34","64.34","64.34","64.34","-","-0.05%"
"2020년 01월 27일","64.37","64.37","64.37","64.37","-","-0.42%"
"2020년 01월 24일","64.64","64.64","64.64","64.64","-","-0.46%"
"2020년 01월 23일","64.94","64.94","64.94","64.94","-","-0.49%"
"2020년 01월 22일","65.26","65.26","65.26","65.26","-","-0.50%"
"2020년 01월 21일","65.59","65.59","65.59","65.59","-","-0.24%"
"2020년 01월 17일","65.75","65.75","65.75","65.75","-","0.02%"
"2020년 01월 16일","65.74","65.74","65.74","65.74","-","0.38%"
"2020년 01월 15일","65.49","65.49","65.49","65.49","-","-0.53%"
"2020년 01월 14일","65.84","65.84","65.84","65.84","-","0.18%"
"2020년 01월 13일","65.72","65.72","65.72","65.72","-","-0.53%"
"2020년 01월 10일","66.07","66.07","66.07","66.07","-","-0.12%"
"2020년 01월 09일","66.15","66.15","66.15","66.15","-","0.23%"
"2020년 01월 08일","66.00","66.00","66.00","66.00","-","-2.83%"
"2020년 01월 07일","67.92","67.92","67.92","67.92","-","-0.53%"
"2020년 01월 06일","68.28","68.28","68.28","68.28","-","0.66%"
"2020년 01월 03일","67.83","67.83","67.83","67.83","-","3.65%"
"2020년 01월 02일","65.44","65.44","65.44","65.44","-","0.85%"
"2019년 12월 31일","64.89","64.89","64.89","64.89","-","0.06%"
"2019년 12월 30일","64.85","64.85","64.85","64.85","-","0.05%"
"2019년 12월 27일","64.82","64.82","64.82","64.82","-","-0.02%"
"2019년 12월 26일","64.83","64.83","64.83","64.83","-","0.06%"
"2019년 12월 24일","64.79","64.79","64.79","64.79","-","0.22%"
"2019년 12월 23일","64.65","64.65","64.65","64.65","-","0.03%"
"2019년 12월 20일","64.63","64.63","64.63","64.63","-","-0.11%"
"2019년 12월 19일","64.70","64.70","64.70","64.70","-","0.25%"
"2019년 12월 18일","64.54","64.54","64.54","64.54","-","0.02%"
"2019년 12월 17일","64.53","64.53","64.53","64.53","-","0.53%"
"2019년 12월 16일","64.19","64.19","64.19","64.19","-","0.11%"
"2019년 12월 13일","64.12","64.12","64.12","64.12","-","1.04%"
"2019년 12월 12일","63.46","63.46","63.46","63.46","-","0.76%"
"2019년 12월 11일","62.98","62.98","62.98","62.98","-","-0.82%"
"2019년 12월 10일","63.50","63.50","63.50","63.50","-","0.25%"
"2019년 12월 09일","63.34","63.34","63.34","63.34","-","-0.14%"
"2019년 12월 06일","63.43","63.43","63.43","63.43","-","0.97%"
"2019년 12월 05일","62.82","62.82","62.82","62.82","-","0.48%"
"2019년 12월 04일","62.52","62.52","62.52","62.52","-","3.41%"
"2019년 12월 03일","60.46","60.46","60.46","60.46","-","0.08%"
"2019년 12월 02일","60.41","60.41","60.41","60.41","-","-2.52%"
"2019년 11월 29일","61.97","61.97","61.97","61.97","-","0.03%"
"2019년 11월 27일","61.95","61.95","61.95","61.95","-","0.00%"
"2019년 11월 26일","61.95","61.95","61.95","61.95","-","0.02%"
"2019년 11월 25일","61.94","61.94","61.94","61.94","-","0.06%"
"2019년 11월 22일","61.90","61.90","61.90","61.90","-","-0.27%"
"2019년 11월 21일","62.07","62.07","62.07","62.07","-","0.76%"
"2019년 11월 20일","61.60","61.60","61.60","61.60","-","1.02%"
"2019년 11월 19일","60.98","60.98","60.98","60.98","-","-0.94%"
"2019년 11월 18일","61.56","61.56","61.56","61.56","-","-0.61%"
"2019년 11월 15일","61.94","61.94","61.94","61.94","-","0.81%"
"2019년 11월 14일","61.44","61.44","61.44","61.44","-","-0.13%"
"2019년 11월 13일","61.52","61.52","61.52","61.52","-","0.38%"
"2019년 11월 12일","61.29","61.29","61.29","61.29","-","0.33%"
"2019년 11월 11일","61.09","61.09","61.09","61.09","-","-0.31%"
"2019년 11월 08일","61.28","61.28","61.28","61.28","-","0.29%"
"2019년 11월 07일","61.10","61.10","61.10","61.10","-","0.89%"
"2019년 11월 06일","60.56","60.56","60.56","60.56","-","-1.51%"
"2019년 11월 05일","61.49","61.49","61.49","61.49","-","0.99%"
"2019년 11월 04일","60.89","60.89","60.89","60.89","-","0.58%"
"2019년 11월 01일","60.54","60.54","60.54","60.54","-","1.97%"
"2019년 10월 31일","59.37","59.37","59.37","59.37","-","0.08%"
"2019년 10월 30일","59.32","59.32","59.32","59.32","-","-0.15%"
"2019년 10월 29일","59.41","59.41","59.41","59.41","-","-0.07%"
"2019년 10월 28일","59.45","59.45","59.45","59.45","-","-0.12%"
"2019년 10월 25일","59.52","59.52","59.52","59.52","-","0.12%"
"2019년 10월 24일","59.45","59.45","59.45","59.45","-","0.13%"
"2019년 10월 23일","59.37","59.37","59.37","59.37","-","0.58%"
"2019년 10월 22일","59.03","59.03","59.03","59.03","-","0.27%"
"2019년 10월 21일","58.87","58.87","58.87","58.87","-","-0.15%"
"2019년 10월 18일","58.96","58.96","58.96","58.96","-","-0.35%"
"2019년 10월 17일","59.17","59.17","59.17","59.17","-","0.29%"
"2019년 10월 16일","59.00","59.00","59.00","59.00","-","0.24%"
"2019년 10월 15일","58.86","58.86","58.86","58.86","-","-0.14%"
"2019년 10월 14일","58.94","58.94","58.94","58.94","-","-1.31%"
"2019년 10월 11일","59.72","59.72","59.72","59.72","-","1.81%"
"2019년 10월 10일","58.66","58.66","58.66","58.66","-","1.24%"
"2019년 10월 09일","57.94","57.94","57.94","57.94","-","0.05%"
"2019년 10월 08일","57.91","57.91","57.91","57.91","-","-0.53%"
"2019년 10월 07일","58.22","58.22","58.22","58.22","-","0.19%"
"2019년 10월 04일","58.11","58.11","58.11","58.11","-","1.15%"
"2019년 10월 03일","57.45","57.45","57.45","57.45","-","0.23%"
"2019년 10월 02일","57.32","57.32","57.32","57.32","-","-1.36%"
"2019년 10월 01일","58.11","58.11","58.11","58.11","-","-4.92%"
"2019년 09월 30일","61.12","61.12","61.12","61.12","-","0.05%"
"2019년 09월 27일","61.09","61.09","61.09","61.09","-","-0.11%"
"2019년 09월 26일","61.16","61.16","61.16","61.16","-","0.11%"
"2019년 09월 25일","61.09","61.09","61.09","61.09","-","-0.24%"
"2019년 09월 24일","61.24","61.24","61.24","61.24","-","-0.65%"
"2019년 09월 23일","61.64","61.64","61.64","61.64","-","0.21%"
"2019년 09월 20일","61.51","61.51","61.51","61.51","-","0.16%"
"2019년 09월 19일","61.41","61.41","61.41","61.41","-","0.46%"
"2019년 09월 18일","61.13","61.13","61.13","61.13","-","-0.31%"
"2019년 09월 17일","61.32","61.32","61.32","61.32","-","-2.85%"
"2019년 09월 16일","63.12","63.12","63.12","63.12","-","7.75%"
"2019년 09월 13일","58.58","58.58","58.58","58.58","-","-0.10%"
"2019년 09월 12일","58.64","58.64","58.64","58.64","-","-0.15%"
"2019년 09월 11일","58.73","58.73","58.73","58.73","-","-1.71%"
"2019년 09월 10일","59.75","59.75","59.75","59.75","-","-0.52%"
"2019년 09월 09일","60.06","60.06","60.06","60.06","-","1.28%"
"2019년 09월 06일","59.30","59.30","59.30","59.30","-","1.13%"
"2019년 09월 05일","58.64","58.64","58.64","58.64","-","0.07%"
"2019년 09월 04일","58.60","58.60","58.60","58.60","-","3.37%"
"2019년 09월 03일","56.69","56.69","56.69","56.69","-","-4.09%"
"2019년 08월 30일","59.11","59.11","59.11","59.11","-","0.03%"
"2019년 08월 29일","59.09","59.09","59.09","59.09","-","-0.03%"
"2019년 08월 28일","59.11","59.11","59.11","59.11","-","0.22%"
"2019년 08월 27일","58.98","58.98","58.98","58.98","-","0.19%"
"2019년 08월 26일","58.87","58.87","58.87","58.87","-","-0.32%"
"2019년 08월 23일","59.06","59.06","59.06","59.06","-","-0.35%"
"2019년 08월 22일","59.27","59.27","59.27","59.27","-","-0.05%"
"2019년 08월 21일","59.30","59.30","59.30","59.30","-","0.30%"
"2019년 08월 20일","59.12","59.12","59.12","59.12","-","0.32%"
"2019년 08월 19일","58.93","58.93","58.93","58.93","-","0.99%"
"2019년 08월 16일","58.35","58.35","58.35","58.35","-","0.45%"
"2019년 08월 15일","58.09","58.09","58.09","58.09","-","-1.06%"
"2019년 08월 14일","58.71","58.71","58.71","58.71","-","-2.20%"
"2019년 08월 13일","60.03","60.03","60.03","60.03","-","2.88%"
"2019년 08월 12일","58.35","58.35","58.35","58.35","-","0.07%"
"2019년 08월 09일","58.31","58.31","58.31","58.31","-","1.46%"
"2019년 08월 08일","57.47","57.47","57.47","57.47","-","1.90%"
"2019년 08월 07일","56.40","56.40","56.40","56.40","-","-3.21%"
"2019년 08월 06일","58.27","58.27","58.27","58.27","-","-1.00%"
"2019년 08월 05일","58.86","58.86","58.86","58.86","-","-2.81%"
"2019년 08월 02일","60.56","60.56","60.56","60.56","-","1.95%"
"2019년 08월 01일","59.40","59.40","59.40","59.40","-","-6.09%"
"2019년 07월 31일","63.25","63.25","63.25","63.25","-","0.03%"
"2019년 07월 30일","63.23","63.23","63.23","63.23","-","0.11%"
"2019년 07월 29일","63.16","63.16","63.16","63.16","-","-0.02%"
"2019년 07월 26일","63.17","63.17","63.17","63.17","-","0.05%"
"2019년 07월 25일","63.14","63.14","63.14","63.14","-","0.19%"
"2019년 07월 24일","63.02","63.02","63.02","63.02","-","-0.08%"
"2019년 07월 23일","63.07","63.07","63.07","63.07","-","0.19%"
"2019년 07월 22일","62.95","62.95","62.95","62.95","-","0.58%"
"2019년 07월 19일","62.59","62.59","62.59","62.59","-","0.45%"
"2019년 07월 18일","62.31","62.31","62.31","62.31","-","-0.86%"
"2019년 07월 17일","62.85","62.85","62.85","62.85","-","-0.54%"
"2019년 07월 16일","63.19","63.19","63.19","63.19","-","-1.74%"
"2019년 07월 15일","64.31","64.31","64.31","64.31","-","-0.20%"
"2019년 07월 12일","64.44","64.44","64.44","64.44","-","0.31%"
"2019년 07월 11일","64.24","64.24","64.24","64.24","-","-0.59%"
"2019년 07월 10일","64.62","64.62","64.62","64.62","-","2.95%"
"2019년 07월 09일","62.77","62.77","62.77","62.77","-","0.26%"
"2019년 07월 08일","62.61","62.61","62.61","62.61","-","0.13%"
"2019년 07월 05일","62.53","62.53","62.53","62.53","-","0.45%"
"2019년 07월 03일","62.25","62.25","62.25","62.25","-","2.02%"
"2019년 07월 02일","61.02","61.02","61.02","61.02","-","-3.43%"
"2019년 07월 01일","63.19","63.19","63.19","63.19","-","2.37%"
"2019년 06월 27일","61.73","61.73","61.73","61.73","-","-0.06%"
"2019년 06월 26일","61.77","61.77","61.77","61.77","-","0.23%"
"2019년 06월 25일","61.63","61.63","61.63","61.63","-","-0.02%"
"2019년 06월 24일","61.64","61.64","61.64","61.64","-","-0.28%"
"2019년 06월 21일","61.81","61.81","61.81","61.81","-","0.36%"
"2019년 06월 20일","61.59","61.59","61.59","61.59","-","1.55%"
"2019년 06월 19일","60.65","60.65","60.65","60.65","-","0.02%"
"2019년 06월 18일","60.64","60.64","60.64","60.64","-","1.17%"
"2019년 06월 17일","59.94","59.94","59.94","59.94","-","-1.04%"
"2019년 06월 14일","60.57","60.57","60.57","60.57","-","0.65%"
"2019년 06월 13일","60.18","60.18","60.18","60.18","-","1.36%"
"2019년 06월 12일","59.37","59.37","59.37","59.37","-","-2.58%"
"2019년 06월 11일","60.94","60.94","60.94","60.94","-","0.58%"
"2019년 06월 10일","60.59","60.59","60.59","60.59","-","-1.09%"
"2019년 06월 07일","61.26","61.26","61.26","61.26","-","2.36%"
"2019년 06월 06일","59.85","59.85","59.85","59.85","-","0.47%"
"2019년 06월 05일","59.57","59.57","59.57","59.57","-","-2.07%"
"2019년 06월 04일","60.83","60.83","60.83","60.83","-","0.71%"
"2019년 06월 03일","60.40","60.40","60.40","60.40","-","-12.94%"
"2019년 05월 31일","69.38","69.38","69.38","69.38","-","0.06%"
"2019년 05월 30일","69.34","69.34","69.34","69.34","-","-0.24%"
"2019년 05월 29일","69.51","69.51","69.51","69.51","-","-0.22%"
"2019년 05월 28일","69.66","69.66","69.66","69.66","-","0.33%"
"2019년 05월 24일","69.43","69.43","69.43","69.43","-","0.09%"
"2019년 05월 23일","69.37","69.37","69.37","69.37","-","-1.60%"
"2019년 05월 22일","70.50","70.50","70.50","70.50","-","-0.69%"
"2019년 05월 21일","70.99","70.99","70.99","70.99","-","0.11%"
"2019년 05월 20일","70.91","70.91","70.91","70.91","-","-0.14%"
"2019년 05월 17일","71.01","71.01","71.01","71.01","-","-0.20%"
"2019년 05월 16일","71.15","71.15","71.15","71.15","-","0.72%"
"2019년 05월 15일","70.64","70.64","70.64","70.64","-","0.34%"
"2019년 05월 14일","70.40","70.40","70.40","70.40","-","1.09%"
"2019년 05월 13일","69.64","69.64","69.64","69.64","-","-0.37%"
"2019년 05월 10일","69.90","69.90","69.90","69.90","-","0.30%"
"2019년 05월 09일","69.69","69.69","69.69","69.69","-","0.14%"
"2019년 05월 08일","69.59","69.59","69.59","69.59","-","0.26%"
"2019년 05월 07일","69.41","69.41","69.41","69.41","-","-1.63%"
"2019년 05월 06일","70.56","70.56","70.56","70.56","-","-0.11%"
"2019년 05월 03일","70.64","70.64","70.64","70.64","-","0.04%"
"2019년 05월 02일","70.61","70.61","70.61","70.61","-","-1.45%"
"2019년 05월 01일","71.65","71.65","71.65","71.65","-","0.99%"
"2019년 04월 30일","70.95","70.95","70.95","70.95","-","0.03%"
"2019년 04월 29일","70.93","70.93","70.93","70.93","-","-0.04%"
"2019년 04월 26일","70.96","70.96","70.96","70.96","-","-0.24%"
"2019년 04월 25일","71.13","71.13","71.13","71.13","-","-0.10%"
"2019년 04월 24일","71.20","71.20","71.20","71.20","-","0.14%"
"2019년 04월 23일","71.10","71.10","71.10","71.10","-","0.11%"
"2019년 04월 22일","71.02","71.02","71.02","71.02","-","0.92%"
"2019년 04월 18일","70.37","70.37","70.37","70.37","-","0.31%"
"2019년 04월 17일","70.15","70.15","70.15","70.15","-","-0.13%"
"2019년 04월 16일","70.24","70.24","70.24","70.24","-","0.59%"
"2019년 04월 15일","69.83","69.83","69.83","69.83","-","-0.21%"
"2019년 04월 12일","69.98","69.98","69.98","69.98","-","0.40%"
"2019년 04월 11일","69.70","69.70","69.70","69.70","-","-0.98%"
"2019년 04월 10일","70.39","70.39","70.39","70.39","-","1.05%"
"2019년 04월 09일","69.66","69.66","69.66","69.66","-","-0.61%"
"2019년 04월 08일","70.09","70.09","70.09","70.09","-","0.52%"
"2019년 04월 05일","69.73","69.73","69.73","69.73","-","1.09%"
"2019년 04월 04일","68.98","68.98","68.98","68.98","-","0.23%"
"2019년 04월 03일","68.82","68.82","68.82","68.82","-","-0.10%"
"2019년 04월 02일","68.89","68.89","68.89","68.89","-","0.63%"
"2019년 04월 01일","68.46","68.46","68.46","68.46","-","2.29%"
"2019년 03월 29일","66.93","66.93","66.93","66.93","-","0.06%"
"2019년 03월 28일","66.89","66.89","66.89","66.89","-","-0.04%"
"2019년 03월 27일","66.92","66.92","66.92","66.92","-","-0.07%"
"2019년 03월 26일","66.97","66.97","66.97","66.97","-","0.12%"
"2019년 03월 25일","66.89","66.89","66.89","66.89","-","-0.01%"
"2019년 03월 22일","66.90","66.90","66.90","66.90","-","-0.28%"
"2019년 03월 21일","67.09","67.09","67.09","67.09","-","-0.37%"
"2019년 03월 20일","67.34","67.34","67.34","67.34","-","0.43%"
"2019년 03월 19일","67.05","67.05","67.05","67.05","-","0.04%"
"2019년 03월 18일","67.02","67.02","67.02","67.02","-","0.22%"
"2019년 03월 15일","66.87","66.87","66.87","66.87","-","-0.10%"
"2019년 03월 14일","66.94","66.94","66.94","66.94","-","-0.36%"
"2019년 03월 13일","67.18","67.18","67.18","67.18","-","0.83%"
"2019년 03월 12일","66.63","66.63","66.63","66.63","-","0.06%"
"2019년 03월 11일","66.59","66.59","66.59","66.59","-","0.86%"
"2019년 03월 08일","66.02","66.02","66.02","66.02","-","-0.62%"
"2019년 03월 07일","66.43","66.43","66.43","66.43","-","0.45%"
"2019년 03월 06일","66.13","66.13","66.13","66.13","-","0.41%"
"2019년 03월 05일","65.86","65.86","65.86","65.86","-","0.38%"
"2019년 03월 04일","65.61","65.61","65.61","65.61","-","0.94%"
"2019년 03월 01일","65.00","65.00","65.00","65.00","-","0.65%"
"2019년 02월 28일","64.58","64.58","64.58","64.58","-","-0.03%"
"2019년 02월 27일","64.60","64.60","64.60","64.60","-","0.11%"
"2019년 02월 26일","64.53","64.53","64.53","64.53","-","0.05%"
"2019년 02월 25일","64.50","64.50","64.50","64.50","-","-0.65%"
"2019년 02월 22일","64.92","64.92","64.92","64.92","-","-0.02%"
"2019년 02월 21일","64.93","64.93","64.93","64.93","-","-0.03%"
"2019년 02월 20일","64.95","64.95","64.95","64.95","-","0.45%"
"2019년 02월 19일","64.66","64.66","64.66","64.66","-","-0.03%"
"2019년 02월 15일","64.68","64.68","64.68","64.68","-","0.97%"
"2019년 02월 14일","64.06","64.06","64.06","64.06","-","1.22%"
"2019년 02월 13일","63.29","63.29","63.29","63.29","-","1.25%"
"2019년 02월 12일","62.51","62.51","62.51","62.51","-","1.39%"
"2019년 02월 11일","61.65","61.65","61.65","61.65","-","-0.82%"
"2019년 02월 08일","62.16","62.16","62.16","62.16","-","0.60%"
"2019년 02월 07일","61.79","61.79","61.79","61.79","-","-1.47%"
"2019년 02월 06일","62.71","62.71","62.71","62.71","-","1.01%"
"2019년 02월 05일","62.08","62.08","62.08","62.08","-","-0.75%"
"2019년 02월 04일","62.55","62.55","62.55","62.55","-","-0.11%"
"2019년 02월 01일","62.62","62.62","62.62","62.62","-","5.99%"
"2019년 01월 31일","59.08","59.08","59.08","59.08","-","0.05%"
"2019년 01월 30일","59.05","59.05","59.05","59.05","-","0.00%"
"2019년 01월 29일","59.05","59.05","59.05","59.05","-","0.22%"
"2019년 01월 28일","58.92","58.92","58.92","58.92","-","-0.52%"
"2019년 01월 25일","59.23","59.23","59.23","59.23","-","0.12%"
"2019년 01월 24일","59.16","59.16","59.16","59.16","-","0.14%"
"2019년 01월 23일","59.08","59.08","59.08","59.08","-","-0.03%"
"2019년 01월 22일","59.10","59.10","59.10","59.10","-","-0.71%"
"2019년 01월 18일","59.52","59.52","59.52","59.52","-","1.12%"
"2019년 01월 17일","58.86","58.86","58.86","58.86","-","-0.02%"
"2019년 01월 16일","58.87","58.87","58.87","58.87","-","0.62%"
"2019년 01월 15일","58.51","58.51","58.51","58.51","-","1.51%"
"2019년 01월 14일","57.64","57.64","57.64","57.64","-","-1.27%"
"2019년 01월 11일","58.38","58.38","58.38","58.38","-","-1.20%"
"2019년 01월 10일","59.09","59.09","59.09","59.09","-","0.32%"
"2019년 01월 09일","58.90","58.90","58.90","58.90","-","3.57%"
"2019년 01월 08일","56.87","56.87","56.87","56.87","-","2.25%"
"2019년 01월 07일","55.62","55.62","55.62","55.62","-","0.27%"
"2019년 01월 04일","55.47","55.47","55.47","55.47","-","1.30%"
"2019년 01월 03일","54.76","54.76","54.76","54.76","-","1.61%"
"2019년 01월 02일","53.89","53.89","53.89","53.89","-","-5.98%"
"2018년 12월 31일","57.32","57.32","57.32","57.32","-","0.00%"
"2018년 12월 28일","57.32","57.32","57.32","57.32","-","0.07%"
"2018년 12월 27일","57.28","57.28","57.28","57.28","-","-0.24%"
"2018년 12월 26일","57.42","57.42","57.42","57.42","-","0.86%"
"2018년 12월 24일","56.93","56.93","56.93","56.93","-","-0.96%"
"2018년 12월 21일","57.48","57.48","57.48","57.48","-","-0.09%"
"2018년 12월 20일","57.53","57.53","57.53","57.53","-","-1.17%"
"2018년 12월 19일","58.21","58.21","58.21","58.21","-","0.50%"
"2018년 12월 18일","57.92","57.92","57.92","57.92","-","-2.06%"
"2018년 12월 17일","59.14","59.14","59.14","59.14","-","-0.35%"
"2018년 12월 14일","59.35","59.35","59.35","59.35","-","-0.95%"
"2018년 12월 13일","59.92","59.92","59.92","59.92","-","1.15%"
"2018년 12월 12일","59.24","59.24","59.24","59.24","-","0.17%"
"2018년 12월 11일","59.14","59.14","59.14","59.14","-","0.22%"
"2018년 12월 10일","59.01","59.01","59.01","59.01","-","-1.98%"
"2018년 12월 07일","60.20","60.20","60.20","60.20","-","1.67%"
"2018년 12월 06일","59.21","59.21","59.21","59.21","-","-2.07%"
"2018년 12월 05일","60.46","60.46","60.46","60.46","-","-0.97%"
"2018년 12월 04일","61.05","61.05","61.05","61.05","-","0.88%"
"2018년 12월 03일","60.52","60.52","60.52","60.52","-","-7.69%"
"2018년 11월 30일","65.56","65.56","65.56","65.56","-","-0.05%"
"2018년 11월 29일","65.59","65.59","65.59","65.59","-","0.11%"
"2018년 11월 28일","65.52","65.52","65.52","65.52","-","-0.11%"
"2018년 11월 27일","65.59","65.59","65.59","65.59","-","-0.06%"
"2018년 11월 26일","65.63","65.63","65.63","65.63","-","0.43%"
"2018년 11월 23일","65.35","65.35","65.35","65.35","-","-1.68%"
"2018년 11월 21일","66.47","66.47","66.47","66.47","-","0.62%"
"2018년 11월 20일","66.06","66.06","66.06","66.06","-","-2.39%"
"2018년 11월 19일","67.68","67.68","67.68","67.68","-","0.12%"
"2018년 11월 16일","67.60","67.60","67.60","67.60","-","0.07%"
"2018년 11월 15일","67.55","67.55","67.55","67.55","-","0.43%"
"2018년 11월 14일","67.26","67.26","67.26","67.26","-","0.52%"
"2018년 11월 13일","66.91","66.91","66.91","66.91","-","-4.15%"
"2018년 11월 12일","69.81","69.81","69.81","69.81","-","-0.01%"
"2018년 11월 09일","69.82","69.82","69.82","69.82","-","-0.23%"
"2018년 11월 08일","69.98","69.98","69.98","69.98","-","-1.52%"
"2018년 11월 07일","71.06","71.06","71.06","71.06","-","0.10%"
"2018년 11월 06일","70.99","70.99","70.99","70.99","-","-1.24%"
"2018년 11월 05일","71.88","71.88","71.88","71.88","-","0.48%"
"2018년 11월 02일","71.54","71.54","71.54","71.54","-","-0.03%"
"2018년 11월 01일","71.56","71.56","71.56","71.56","-","-9.86%"
"2018년 10월 31일","79.39","79.39","79.39","79.39","-","0.05%"
"2018년 10월 30일","79.35","79.35","79.35","79.35","-","-0.08%"
"2018년 10월 29일","79.41","79.41","79.41","79.41","-","-0.05%"
"2018년 10월 26일","79.45","79.45","79.45","79.45","-","0.09%"
"2018년 10월 25일","79.38","79.38","79.38","79.38","-","0.13%"
"2018년 10월 24일","79.28","79.28","79.28","79.28","-","-0.05%"
"2018년 10월 23일","79.32","79.32","79.32","79.32","-","-1.08%"
"2018년 10월 22일","80.19","80.19","80.19","80.19","-","0.14%"
"2018년 10월 19일","80.08","80.08","80.08","80.08","-","0.06%"
"2018년 10월 18일","80.03","80.03","80.03","80.03","-","-0.27%"
"2018년 10월 17일","80.25","80.25","80.25","80.25","-","-0.74%"
"2018년 10월 16일","80.85","80.85","80.85","80.85","-","0.57%"
"2018년 10월 15일","80.39","80.39","80.39","80.39","-","0.02%"
"2018년 10월 12일","80.37","80.37","80.37","80.37","-","0.22%"
"2018년 10월 11일","80.19","80.19","80.19","80.19","-","-2.03%"
"2018년 10월 10일","81.85","81.85","81.85","81.85","-","-1.69%"
"2018년 10월 09일","83.26","83.26","83.26","83.26","-","0.82%"
"2018년 10월 08일","82.58","82.58","82.58","82.58","-","-0.16%"
"2018년 10월 05일","82.71","82.71","82.71","82.71","-","-0.08%"
"2018년 10월 04일","82.78","82.78","82.78","82.78","-","-1.59%"
"2018년 10월 03일","84.12","84.12","84.12","84.12","-","1.77%"
"2018년 10월 02일","82.66","82.66","82.66","82.66","-","-0.19%"
"2018년 10월 01일","82.82","82.82","82.82","82.82","-","7.21%"
"2018년 09월 28일","77.25","77.25","77.25","77.25","-","0.04%"
"2018년 09월 27일","77.22","77.22","77.22","77.22","-","0.16%"
"2018년 09월 26일","77.10","77.10","77.10","77.10","-","-0.05%"
"2018년 09월 25일","77.14","77.14","77.14","77.14","-","0.16%"
"2018년 09월 24일","77.02","77.02","77.02","77.02","-","0.71%"
"2018년 09월 21일","76.48","76.48","76.48","76.48","-","0.05%"
"2018년 09월 20일","76.44","76.44","76.44","76.44","-","-0.27%"
"2018년 09월 19일","76.65","76.65","76.65","76.65","-","0.20%"
"2018년 09월 18일","76.50","76.50","76.50","76.50","-","0.58%"
"2018년 09월 17일","76.06","76.06","76.06","76.06","-","-0.09%"
"2018년 09월 14일","76.13","76.13","76.13","76.13","-","-0.12%"
"2018년 09월 13일","76.22","76.22","76.22","76.22","-","-1.14%"
"2018년 09월 12일","77.10","77.10","77.10","77.10","-","0.50%"
"2018년 09월 11일","76.72","76.72","76.72","76.72","-","1.54%"
"2018년 09월 10일","75.56","75.56","75.56","75.56","-","0.69%"
"2018년 09월 07일","75.04","75.04","75.04","75.04","-","0.47%"
"2018년 09월 06일","74.69","74.69","74.69","74.69","-","-1.11%"
"2018년 09월 05일","75.53","75.53","75.53","75.53","-","-1.14%"
"2018년 09월 04일","76.40","76.40","76.40","76.40","-","5.39%"
"2018년 08월 31일","72.49","72.49","72.49","72.49","-","-0.03%"
"2018년 08월 30일","72.51","72.51","72.51","72.51","-","0.03%"
"2018년 08월 29일","72.49","72.49","72.49","72.49","-","0.14%"
"2018년 08월 28일","72.39","72.39","72.39","72.39","-","-0.08%"
"2018년 08월 27일","72.45","72.45","72.45","72.45","-","0.08%"
"2018년 08월 24일","72.39","72.39","72.39","72.39","-","0.44%"
"2018년 08월 23일","72.07","72.07","72.07","72.07","-","0.01%"
"2018년 08월 22일","72.06","72.06","72.06","72.06","-","0.95%"
"2018년 08월 21일","71.38","71.38","71.38","71.38","-","0.28%"
"2018년 08월 20일","71.18","71.18","71.18","71.18","-","0.15%"
"2018년 08월 17일","71.07","71.07","71.07","71.07","-","0.27%"
"2018년 08월 16일","70.88","70.88","70.88","70.88","-","0.50%"
"2018년 08월 15일","70.53","70.53","70.53","70.53","-","-1.23%"
"2018년 08월 14일","71.41","71.41","71.41","71.41","-","-0.15%"
"2018년 08월 13일","71.52","71.52","71.52","71.52","-","-0.26%"
"2018년 08월 10일","71.71","71.71","71.71","71.71","-","0.80%"
"2018년 08월 09일","71.14","71.14","71.14","71.14","-","-0.21%"
"2018년 08월 08일","71.29","71.29","71.29","71.29","-","-2.22%"
"2018년 08월 07일","72.91","72.91","72.91","72.91","-","0.77%"
"2018년 08월 06일","72.35","72.35","72.35","72.35","-","0.64%"
"2018년 08월 03일","71.89","71.89","71.89","71.89","-","-0.43%"
"2018년 08월 02일","72.20","72.20","72.20","72.20","-","1.93%"
"2018년 08월 01일","70.83","70.83","70.83","70.83","-","-3.13%"
"2018년 07월 31일","73.12","73.12","73.12","73.12","-","-0.04%"
"2018년 07월 30일","73.15","73.15","73.15","73.15","-","0.01%"
"2018년 07월 27일","73.14","73.14","73.14","73.14","-","0.00%"
"2018년 07월 26일","73.14","73.14","73.14","73.14","-","0.18%"
"2018년 07월 25일","73.01","73.01","73.01","73.01","-","0.26%"
"2018년 07월 24일","72.82","72.82","72.82","72.82","-","0.21%"
"2018년 07월 23일","72.67","72.67","72.67","72.67","-","0.11%"
"2018년 07월 20일","72.59","72.59","72.59","72.59","-","0.21%"
"2018년 07월 19일","72.44","72.44","72.44","72.44","-","-0.39%"
"2018년 07월 18일","72.72","72.72","72.72","72.72","-","0.48%"
"2018년 07월 17일","72.37","72.37","72.37","72.37","-","0.50%"
"2018년 07월 16일","72.01","72.01","72.01","72.01","-","-2.45%"
"2018년 07월 13일","73.82","73.82","73.82","73.82","-","0.81%"
"2018년 07월 12일","73.23","73.23","73.23","73.23","-","1.22%"
"2018년 07월 11일","72.35","72.35","72.35","72.35","-","-4.46%"
"2018년 07월 10일","75.73","75.73","75.73","75.73","-","0.87%"
"2018년 07월 09일","75.08","75.08","75.08","75.08","-","1.12%"
"2018년 07월 06일","74.25","74.25","74.25","74.25","-","-0.38%"
"2018년 07월 05일","74.53","74.53","74.53","74.53","-","-0.47%"
"2018년 07월 03일","74.88","74.88","74.88","74.88","-","0.74%"
"2018년 07월 02일","74.33","74.33","74.33","74.33","-","1.01%"
"2018년 06월 29일","73.59","73.59","73.59","73.59","-","0.03%"
"2018년 06월 28일","73.57","73.57","73.57","73.57","-","-0.01%"
"2018년 06월 27일","73.58","73.58","73.58","73.58","-","0.19%"
"2018년 06월 26일","73.44","73.44","73.44","73.44","-","0.40%"
"2018년 06월 25일","73.15","73.15","73.15","73.15","-","-0.20%"
"2018년 06월 22일","73.30","73.30","73.30","73.30","-","0.92%"
"2018년 06월 21일","72.63","72.63","72.63","72.63","-","-0.53%"
"2018년 06월 20일","73.02","73.02","73.02","73.02","-","-0.23%"
"2018년 06월 19일","73.19","73.19","73.19","73.19","-","-0.41%"
"2018년 06월 18일","73.49","73.49","73.49","73.49","-","0.96%"
"2018년 06월 15일","72.79","72.79","72.79","72.79","-","-1.56%"
"2018년 06월 14일","73.94","73.94","73.94","73.94","-","-0.70%"
"2018년 06월 13일","74.46","74.46","74.46","74.46","-","0.66%"
"2018년 06월 12일","73.97","73.97","73.97","73.97","-","-0.54%"
"2018년 06월 11일","74.37","74.37","74.37","74.37","-","0.09%"
"2018년 06월 08일","74.30","74.30","74.30","74.30","-","-0.77%"
"2018년 06월 07일","74.88","74.88","74.88","74.88","-","1.99%"
"2018년 06월 06일","73.42","73.42","73.42","73.42","-","0.05%"
"2018년 06월 05일","73.38","73.38","73.38","73.38","-","0.31%"
"2018년 06월 04일","73.15","73.15","73.15","73.15","-","-1.30%"
"2018년 06월 01일","74.11","74.11","74.11","74.11","-","-0.40%"
"2018년 05월 31일","74.41","74.41","74.41","74.41","-","-0.04%"
"2018년 05월 30일","74.44","74.44","74.44","74.44","-","-0.19%"
"2018년 05월 29일","74.58","74.58","74.58","74.58","-","0.17%"
"2018년 05월 25일","74.45","74.45","74.45","74.45","-","-0.44%"
"2018년 05월 24일","74.78","74.78","74.78","74.78","-","-0.27%"
"2018년 05월 23일","74.98","74.98","74.98","74.98","0.04K","0.09%"
"2018년 05월 22일","74.91","74.91","74.91","74.91","0.02K","0.16%"
"2018년 05월 21일","74.79","74.79","74.79","74.79","-","0.46%"
"2018년 05월 18일","74.45","74.45","74.45","74.45","-","-0.29%"
"2018년 05월 17일","74.67","74.67","74.67","74.67","-","0.11%"
"2018년 05월 16일","74.59","74.59","74.59","74.59","-","0.74%"
"2018년 05월 15일","74.04","74.04","74.04","74.04","-","0.03%"
"2018년 05월 14일","74.02","74.02","74.02","74.02","-","0.73%"
"2018년 05월 11일","73.48","73.48","73.48","73.48","-","-0.27%"
"2018년 05월 10일","73.68","73.68","73.68","73.68","-","0.42%"
"2018년 05월 09일","73.37","73.37","73.37","73.37","-","2.29%"
"2018년 05월 08일","71.73","71.73","71.73","71.73","-","-1.51%"
"2018년 05월 07일","72.83","72.83","72.83","72.83","-","1.46%"
"2018년 05월 04일","71.78","71.78","71.78","71.78","-","1.51%"
"2018년 05월 03일","70.71","70.71","70.71","70.71","-","0.38%"
"2018년 05월 02일","70.44","70.44","70.44","70.44","-","-0.16%"
"2018년 05월 01일","70.55","70.55","70.55","70.55","-","3.34%"
"2018년 04월 30일","68.27","68.27","68.27","68.27","-","-0.01%"
"2018년 04월 27일","68.28","68.28","68.28","68.28","-","0.00%"
"2018년 04월 26일","68.28","68.28","68.28","68.28","-","0.18%"
"2018년 04월 25일","68.16","68.16","68.16","68.16","0.01K","-0.06%"
"2018년 04월 24일","68.20","68.20","68.20","68.20","-","-0.31%"
"2018년 04월 23일","68.41","68.41","68.41","68.41","-","0.18%"
"2018년 04월 20일","68.29","68.29","68.29","68.29","-","0.16%"
"2018년 04월 19일","68.18","68.18","68.18","68.18","-","0.03%"
"2018년 04월 18일","68.16","68.16","68.16","68.16","-","1.16%"
"2018년 04월 17일","67.38","67.38","67.38","67.38","-","0.19%"
"2018년 04월 16일","67.25","67.25","67.25","67.25","0.01K","-0.81%"
"2018년 04월 13일","67.80","67.80","67.80","67.80","0.00K","0.21%"
"2018년 04월 12일","67.66","67.66","67.66","67.66","-","-0.18%"
"2018년 04월 11일","67.78","67.78","67.78","67.78","-","0.76%"
"2018년 04월 10일","67.27","67.27","67.27","67.27","-","2.19%"
"2018년 04월 09일","65.83","65.83","65.83","65.83","-","1.83%"
"2018년 04월 06일","64.65","64.65","64.65","64.65","-","-1.24%"
"2018년 04월 05일","65.46","65.46","65.46","65.46","-","0.44%"
"2018년 04월 04일","65.17","65.17","65.17","65.17","-","0.02%"
"2018년 04월 03일","65.16","65.16","65.16","65.16","-","0.84%"
"2018년 04월 02일","64.62","64.62","64.62","64.62","-","3.01%"
"2018년 03월 29일","62.73","62.73","62.73","62.73","-","0.08%"
"2018년 03월 28일","62.68","62.68","62.68","62.68","0.00K","-0.13%"
"2018년 03월 27일","62.76","62.76","62.76","62.76","-","-0.02%"
"2018년 03월 26일","62.77","62.77","62.77","62.77","-","-0.11%"
"2018년 03월 23일","62.84","62.84","62.84","62.84","-","0.35%"
"2018년 03월 22일","62.62","62.62","62.62","62.62","-","-0.35%"
"2018년 03월 21일","62.84","62.84","62.84","62.84","-","0.92%"
"2018년 03월 20일","62.27","62.27","62.27","62.27","-","0.66%"
"2018년 03월 19일","61.86","61.86","61.86","61.86","0.01K","-0.16%"
"2018년 03월 16일","61.96","61.96","61.96","61.96","-","0.78%"
"2018년 03월 15일","61.48","61.48","61.48","61.48","-","0.20%"
"2018년 03월 14일","61.36","61.36","61.36","61.36","0.01K","0.31%"
"2018년 03월 13일","61.17","61.17","61.17","61.17","-","-0.24%"
"2018년 03월 12일","61.32","61.32","61.32","61.32","0.01K","-0.60%"
"2018년 03월 09일","61.69","61.69","61.69","61.69","-","2.07%"
"2018년 03월 08일","60.44","60.44","60.44","60.44","-","-0.77%"
"2018년 03월 07일","60.91","60.91","60.91","60.91","-","-2.09%"
"2018년 03월 06일","62.21","62.21","62.21","62.21","-","0.44%"
"2018년 03월 05일","61.94","61.94","61.94","61.94","-","1.69%"
"2018년 03월 02일","60.91","60.91","60.91","60.91","-","0.86%"
"2018년 03월 01일","60.39","60.39","60.39","60.39","-","-3.71%"
"2018년 02월 28일","62.72","62.72","62.72","62.72","-","0.00%"
"2018년 02월 27일","62.72","62.72","62.72","62.72","-","-0.05%"
"2018년 02월 26일","62.75","62.75","62.75","62.75","-","0.00%"
"2018년 02월 23일","62.75","62.75","62.75","62.75","-","0.21%"
"2018년 02월 22일","62.62","62.62","62.62","62.62","-","0.24%"
"2018년 02월 21일","62.47","62.47","62.47","62.47","-","0.06%"
"2018년 02월 20일","62.43","62.43","62.43","62.43","-","0.24%"
"2018년 02월 16일","62.28","62.28","62.28","62.28","-","0.00%"
"2018년 02월 15일","62.28","62.28","62.28","62.28","-","0.37%"
"2018년 02월 14일","62.05","62.05","62.05","62.05","-","1.24%"
"2018년 02월 13일","61.29","61.29","61.29","61.29","-","0.21%"
"2018년 02월 12일","61.16","61.16","61.16","61.16","-","-0.10%"
"2018년 02월 09일","61.22","61.22","61.22","61.22","-","-2.27%"
"2018년 02월 08일","62.64","62.64","62.64","62.64","-","-0.79%"
"2018년 02월 07일","63.14","63.14","63.14","63.14","-","-1.76%"
"2018년 02월 06일","64.27","64.27","64.27","64.27","-","-1.11%"
"2018년 02월 05일","64.99","64.99","64.99","64.99","-","-1.14%"
"2018년 02월 02일","65.74","65.74","65.74","65.74","-","-1.48%"
"2018년 02월 01일","66.73","66.73","66.73","66.73","-","0.82%"
"2018년 01월 31일","66.19","66.19","66.19","66.19","-","-0.02%"
"2018년 01월 30일","66.20","66.20","66.20","66.20","-","-0.05%"
"2018년 01월 29일","66.23","66.23","66.23","66.23","-","-0.14%"
"2018년 01월 26일","66.32","66.32","66.32","66.32","-","0.09%"
"2018년 01월 25일","66.26","66.26","66.26","66.26","-","-0.08%"
"2018년 01월 24일","66.31","66.31","66.31","66.31","-","0.15%"
"2018년 01월 23일","66.21","66.21","66.21","66.21","-","0.36%"
"2018년 01월 22일","65.97","65.97","65.97","65.97","-","0.23%"
"2018년 01월 19일","65.82","65.82","65.82","65.82","-","-0.39%"
"2018년 01월 18일","66.08","66.08","66.08","66.08","-","-0.08%"
"2018년 01월 17일","66.13","66.13","66.13","66.13","-","0.12%"
"2018년 01월 16일","66.05","66.05","66.05","66.05","-","-0.47%"
"2018년 01월 12일","66.36","66.36","66.36","66.36","-","0.44%"
"2018년 01월 11일","66.07","66.07","66.07","66.07","-","0.09%"
"2018년 01월 10일","66.01","66.01","66.01","66.01","-","0.30%"
"2018년 01월 09일","65.81","65.81","65.81","65.81","-","1.11%"
"2018년 01월 08일","65.09","65.09","65.09","65.09","-","0.23%"
"2018년 01월 05일","64.94","64.94","64.94","64.94","-","-0.57%"
"2018년 01월 04일","65.31","65.31","65.31","65.31","-","0.11%"
"2018년 01월 03일","65.24","65.24","65.24","65.24","-","1.91%"
"2018년 01월 02일","64.02","64.02","64.02","64.02","-","3.93%"
"2017년 12월 29일","61.60","61.60","61.60","61.60","-","0.06%"
"2017년 12월 28일","61.56","61.56","61.56","61.56","-","0.07%"
"2017년 12월 27일","61.52","61.52","61.52","61.52","-","-0.13%"
"2017년 12월 26일","61.60","61.60","61.60","61.60","-","0.74%"
"2017년 12월 22일","61.15","61.15","61.15","61.15","-","-0.24%"
"2017년 12월 21일","61.30","61.30","61.30","61.30","-","0.03%"
"2017년 12월 20일","61.28","61.28","61.28","61.28","-","0.43%"
"2017년 12월 19일","61.02","61.02","61.02","61.02","-","0.36%"
"2017년 12월 18일","60.80","60.80","60.80","60.80","-","0.16%"
"2017년 12월 15일","60.70","60.70","60.70","60.70","-","0.08%"
"2017년 12월 14일","60.65","60.65","60.65","60.65","-","0.88%"
"2017년 12월 13일","60.12","60.12","60.12","60.12","-","-0.73%"
"2017년 12월 12일","60.56","60.56","60.56","60.56","-","-1.72%"
"2017년 12월 11일","61.62","61.62","61.62","61.62","-","1.28%"
"2017년 12월 08일","60.84","60.84","60.84","60.84","-","1.03%"
"2017년 12월 07일","60.22","60.22","60.22","60.22","-","1.48%"
"2017년 12월 06일","59.34","59.34","59.34","59.34","-","-2.00%"
"2017년 12월 05일","60.55","60.55","60.55","60.55","-","0.88%"
"2017년 12월 04일","60.02","60.02","60.02","60.02","-","-1.98%"
"2017년 12월 01일","61.23","61.23","61.23","61.23","-","0.67%"
"2017년 11월 30일","60.82","60.82","60.82","60.82","-","0.03%"
"2017년 11월 29일","60.80","60.80","60.80","60.80","-","0.00%"
"2017년 11월 28일","60.80","60.80","60.80","60.80","-","-0.13%"
"2017년 11월 27일","60.88","60.88","60.88","60.88","-","-0.07%"
"2017년 11월 24일","60.92","60.92","60.92","60.92","-","0.23%"
"2017년 11월 22일","60.78","60.78","60.78","60.78","-","0.25%"
"2017년 11월 21일","60.63","60.63","60.63","60.63","0.01K","0.13%"
"2017년 11월 20일","60.55","60.55","60.55","60.55","0.40K","-0.44%"
"2017년 11월 17일","60.82","60.82","60.82","60.82","-","1.00%"
"2017년 11월 16일","60.22","60.22","60.22","60.22","-","-0.45%"
"2017년 11월 15일","60.49","60.49","60.49","60.49","-","-0.33%"
"2017년 11월 14일","60.69","60.69","60.69","60.69","-","-0.80%"
"2017년 11월 13일","61.18","61.18","61.18","61.18","-","-0.20%"
"2017년 11월 10일","61.30","61.30","61.30","61.30","-","-0.42%"
"2017년 11월 09일","61.56","61.56","61.56","61.56","-","0.69%"
"2017년 11월 08일","61.14","61.14","61.14","61.14","-","-0.10%"
"2017년 11월 07일","61.20","61.20","61.20","61.20","-","-1.02%"
"2017년 11월 06일","61.83","61.83","61.83","61.83","-","2.79%"
"2017년 11월 03일","60.15","60.15","60.15","60.15","-","2.17%"
"2017년 11월 02일","58.87","58.87","58.87","58.87","-","0.24%"
"2017년 11월 01일","58.73","58.73","58.73","58.73","-","5.72%"
"2017년 10월 31일","55.55","55.55","55.55","55.55","-","0.02%"
"2017년 10월 30일","55.54","55.54","55.54","55.54","-","-0.02%"
"2017년 10월 27일","55.55","55.55","55.55","55.55","-","0.18%"
"2017년 10월 26일","55.45","55.45","55.45","55.45","-","0.20%"
"2017년 10월 25일","55.34","55.34","55.34","55.34","-","-0.09%"
"2017년 10월 24일","55.39","55.39","55.39","55.39","-","0.45%"
"2017년 10월 23일","55.14","55.14","55.14","55.14","-","-0.24%"
"2017년 10월 20일","55.27","55.27","55.27","55.27","-","0.25%"
"2017년 10월 19일","55.13","55.13","55.13","55.13","-","-0.63%"
"2017년 10월 18일","55.48","55.48","55.48","55.48","-","0.20%"
"2017년 10월 17일","55.37","55.37","55.37","55.37","-","0.05%"
"2017년 10월 16일","55.34","55.34","55.34","55.34","-","0.55%"
"2017년 10월 13일","55.04","55.04","55.04","55.04","-","0.92%"
"2017년 10월 12일","54.54","54.54","54.54","54.54","-","-0.53%"
"2017년 10월 11일","54.83","54.83","54.83","54.83","-","0.40%"
"2017년 10월 10일","54.61","54.61","54.61","54.61","-","0.94%"
"2017년 10월 09일","54.10","54.10","54.10","54.10","-","0.28%"
"2017년 10월 06일","53.95","53.95","53.95","53.95","-","-2.30%"
"2017년 10월 05일","55.22","55.22","55.22","55.22","-","1.71%"
"2017년 10월 04일","54.29","54.29","54.29","54.29","-","-0.24%"
"2017년 10월 03일","54.42","54.42","54.42","54.42","-","-0.55%"
"2017년 10월 02일","54.72","54.72","54.72","54.72","-","1.96%"
"2017년 09월 29일","53.67","53.67","53.67","53.67","-","0.07%"
"2017년 09월 28일","53.63","53.63","53.63","53.63","-","-0.07%"
"2017년 09월 27일","53.67","53.67","53.67","53.67","-","-0.19%"
"2017년 09월 26일","53.77","53.77","53.77","53.77","-","-0.28%"
"2017년 09월 25일","53.92","53.92","53.92","53.92","-","0.60%"
"2017년 09월 22일","53.60","53.60","53.60","53.60","-","0.15%"
"2017년 09월 21일","53.52","53.52","53.52","53.52","-","0.02%"
"2017년 09월 20일","53.51","53.51","53.51","53.51","-","0.79%"
"2017년 09월 19일","53.09","53.09","53.09","53.09","-","-0.30%"
"2017년 09월 18일","53.25","53.25","53.25","53.25","-","-0.06%"
"2017년 09월 15일","53.28","53.28","53.28","53.28","-","0.11%"
"2017년 09월 14일","53.22","53.22","53.22","53.22","-","0.30%"
"2017년 09월 13일","53.06","53.06","53.06","53.06","-","0.91%"
"2017년 09월 12일","52.58","52.58","52.58","52.58","0.10K","0.44%"
"2017년 09월 11일","52.35","52.35","52.35","52.35","-","0.21%"
"2017년 09월 08일","52.24","52.24","52.24","52.24","-","-1.02%"
"2017년 09월 07일","52.78","52.78","52.78","52.78","-","0.04%"
"2017년 09월 06일","52.76","52.76","52.76","52.76","-","1.42%"
"2017년 09월 05일","52.02","52.02","52.02","52.02","-","1.03%"
"2017년 09월 01일","51.49","51.49","51.49","51.49","-","2.53%"
"2017년 08월 31일","50.22","50.22","50.22","50.22","0.33K","0.00%"
"2017년 08월 30일","50.22","50.22","50.22","50.22","0.15K","-0.06%"
"2017년 08월 29일","50.25","50.25","50.25","50.25","0.15K","0.02%"
"2017년 08월 28일","50.24","50.24","50.24","50.24","-","-0.12%"
"2017년 08월 25일","50.30","50.30","50.30","50.30","-","0.18%"
"2017년 08월 24일","50.21","50.21","50.21","50.21","-","-0.30%"
"2017년 08월 23일","50.36","50.36","50.36","50.36","-","0.44%"
"2017년 08월 22일","50.14","50.14","50.14","50.14","-","0.10%"
"2017년 08월 21일","50.09","50.09","50.09","50.09","-","-0.71%"
"2017년 08월 18일","50.45","50.45","50.45","50.45","-","1.22%"
"2017년 08월 17일","49.84","49.84","49.84","49.84","-","0.54%"
"2017년 08월 16일","49.57","49.57","49.57","49.57","-","-0.66%"
"2017년 08월 15일","49.90","49.90","49.90","49.90","-","0.10%"
"2017년 08월 14일","49.85","49.85","49.85","49.85","-","-1.54%"
"2017년 08월 11일","50.63","50.63","50.63","50.63","-","0.08%"
"2017년 08월 10일","50.59","50.59","50.59","50.59","-","-0.14%"
"2017년 08월 09일","50.66","50.66","50.66","50.66","-","-0.28%"
"2017년 08월 08일","50.80","50.80","50.80","50.80","-","-0.39%"
"2017년 08월 07일","51.00","51.00","51.00","51.00","-","-0.20%"
"2017년 08월 04일","51.10","51.10","51.10","51.10","-","0.91%"
"2017년 08월 03일","50.64","50.64","50.64","50.64","-","-0.76%"
"2017년 08월 02일","51.03","51.03","51.03","51.03","-","1.21%"
"2017년 08월 01일","50.42","50.42","50.42","50.42","-","5.99%"
"2017년 07월 31일","47.57","47.57","47.57","47.57","-","0.02%"
"2017년 07월 28일","47.56","47.56","47.56","47.56","-","0.00%"
"2017년 07월 27일","47.56","47.56","47.56","47.56","-","0.08%"
"2017년 07월 26일","47.52","47.52","47.52","47.52","-","0.23%"
"2017년 07월 25일","47.41","47.41","47.41","47.41","-","0.64%"
"2017년 07월 24일","47.11","47.11","47.11","47.11","-","0.23%"
"2017년 07월 21일","47.00","47.00","47.00","47.00","-","-0.68%"
"2017년 07월 20일","47.32","47.32","47.32","47.32","0.10K","-0.29%"
"2017년 07월 19일","47.46","47.46","47.46","47.46","-","0.68%"
"2017년 07월 18일","47.14","47.14","47.14","47.14","-","0.34%"
"2017년 07월 17일","46.98","46.98","46.98","46.98","-","-0.53%"
"2017년 07월 14일","47.23","47.23","47.23","47.23","-","0.60%"
"2017년 07월 13일","46.95","46.95","46.95","46.95","-","0.79%"
"2017년 07월 12일","46.58","46.58","46.58","46.58","-","0.32%"
"2017년 07월 11일","46.43","46.43","46.43","46.43","-","0.87%"
"2017년 07월 10일","46.03","46.03","46.03","46.03","-","0.33%"
"2017년 07월 07일","45.88","45.88","45.88","45.88","-","-2.40%"
"2017년 07월 06일","47.01","47.01","47.01","47.01","-","0.45%"
"2017년 07월 05일","46.80","46.80","46.80","46.80","-","-3.58%"
"2017년 07월 03일","48.54","48.54","48.54","48.54","-","4.45%"
"2017년 06월 30일","46.47","46.47","46.47","46.47","-","0.00%"
"2017년 06월 29일","46.47","46.47","46.47","46.47","-","0.04%"
"2017년 06월 28일","46.45","46.45","46.45","46.45","0.15K","0.13%"
"2017년 06월 27일","46.39","46.39","46.39","46.39","-","0.30%"
"2017년 06월 26일","46.25","46.25","46.25","46.25","-","0.13%"
"2017년 06월 23일","46.19","46.19","46.19","46.19","-","0.20%"
"2017년 06월 22일","46.10","46.10","46.10","46.10","-","0.24%"
"2017년 06월 21일","45.99","45.99","45.99","45.99","-","-0.69%"
"2017년 06월 20일","46.31","46.31","46.31","46.31","-","-0.52%"
"2017년 06월 19일","46.55","46.55","46.55","46.55","-","-0.39%"
"2017년 06월 16일","46.73","46.73","46.73","46.73","-","0.30%"
"2017년 06월 15일","46.59","46.59","46.59","46.59","-","-0.21%"
"2017년 06월 14일","46.69","46.69","46.69","46.69","-","-2.08%"
"2017년 06월 13일","47.68","47.68","47.68","47.68","-","0.42%"
"2017년 06월 12일","47.48","47.48","47.48","47.48","-","0.21%"
"2017년 06월 09일","47.38","47.38","47.38","47.38","-","0.55%"
"2017년 06월 08일","47.12","47.12","47.12","47.12","-","-0.13%"
"2017년 06월 07일","47.18","47.18","47.18","47.18","-","-3.24%"
"2017년 06월 06일","48.76","48.76","48.76","48.76","-","1.06%"
"2017년 06월 05일","48.25","48.25","48.25","48.25","-","-1.05%"
"2017년 06월 02일","48.76","48.76","48.76","48.76","-","-1.44%"
"2017년 06월 01일","49.47","49.47","49.47","49.47","-","-2.12%"
"2017년 05월 31일","50.54","50.54","50.54","50.54","-","-0.08%"
"2017년 05월 30일","50.58","50.58","50.58","50.58","-","-0.02%"
"2017년 05월 26일","50.59","50.59","50.59","50.59","-","0.18%"
"2017년 05월 25일","50.50","50.50","50.50","50.50","-","-0.94%"
"2017년 05월 24일","50.98","50.98","50.98","50.98","-","-0.14%"
"2017년 05월 23일","51.05","51.05","51.05","51.05","-","0.24%"
"2017년 05월 22일","50.93","50.93","50.93","50.93","-","0.12%"
"2017년 05월 19일","50.87","50.87","50.87","50.87","-","0.79%"
"2017년 05월 18일","50.47","50.47","50.47","50.47","-","0.24%"
"2017년 05월 17일","50.35","50.35","50.35","50.35","-","0.62%"
"2017년 05월 16일","50.04","50.04","50.04","50.04","-","0.00%"
"2017년 05월 15일","50.04","50.04","50.04","50.04","-","1.09%"
"2017년 05월 12일","49.50","49.50","49.50","49.50","-","0.04%"
"2017년 05월 11일","49.48","49.48","49.48","49.48","0.20K","0.65%"
"2017년 05월 10일","49.16","49.16","49.16","49.16","-","2.20%"
"2017년 05월 09일","48.10","48.10","48.10","48.10","-","-0.91%"
"2017년 05월 08일","48.54","48.54","48.54","48.54","-","0.41%"
"2017년 05월 05일","48.34","48.34","48.34","48.34","-","1.41%"
"2017년 05월 04일","47.67","47.67","47.67","47.67","-","-4.16%"
"2017년 05월 03일","49.74","49.74","49.74","49.74","-","0.89%"
"2017년 05월 02일","49.30","49.30","49.30","49.30","-","-2.74%"
"2017년 05월 01일","50.69","50.69","50.69","50.69","-","-3.06%"
"2017년 04월 28일","52.29","52.29","52.29","52.29","-","-0.04%"
"2017년 04월 27일","52.31","52.31","52.31","52.31","-","-0.08%"
"2017년 04월 26일","52.35","52.35","52.35","52.35","-","-0.04%"
"2017년 04월 25일","52.37","52.37","52.37","52.37","-","0.11%"
"2017년 04월 24일","52.31","52.31","52.31","52.31","-","-0.02%"
"2017년 04월 21일","52.32","52.32","52.32","52.32","-","-0.48%"
"2017년 04월 20일","52.57","52.57","52.57","52.57","-","0.15%"
"2017년 04월 19일","52.49","52.49","52.49","52.49","-","-1.32%"
"2017년 04월 18일","53.19","53.19","53.19","53.19","-","-0.45%"
"2017년 04월 17일","53.43","53.43","53.43","53.43","0.10K","-0.56%"
"2017년 04월 13일","53.73","53.73","53.73","53.73","-","0.04%"
"2017년 04월 12일","53.71","53.71","53.71","53.71","-","-0.68%"
"2017년 04월 11일","54.08","54.08","54.08","54.08","-","0.46%"
"2017년 04월 10일","53.83","53.83","53.83","53.83","-","1.09%"
"2017년 04월 07일","53.25","53.25","53.25","53.25","-","0.62%"
"2017년 04월 06일","52.92","52.92","52.92","52.92","-","0.80%"
"2017년 04월 05일","52.50","52.50","52.50","52.50","-","0.59%"
"2017년 04월 04일","52.19","52.19","52.19","52.19","-","1.64%"
"2017년 04월 03일","51.35","51.35","51.35","51.35","-","0.29%"
"2017년 03월 31일","51.20","51.20","51.20","51.20","-","-0.06%"
"2017년 03월 30일","51.23","51.23","51.23","51.23","-","0.06%"
"2017년 03월 29일","51.20","51.20","51.20","51.20","-","0.23%"
"2017년 03월 28일","51.08","51.08","51.08","51.08","-","0.14%"
"2017년 03월 27일","51.01","51.01","51.01","51.01","-","-0.02%"
"2017년 03월 24일","51.02","51.02","51.02","51.02","-","0.12%"
"2017년 03월 23일","50.96","50.96","50.96","50.96","-","-0.16%"
"2017년 03월 22일","51.04","51.04","51.04","51.04","-","-0.10%"
"2017년 03월 21일","51.09","51.09","51.09","51.09","-","-0.45%"
"2017년 03월 20일","51.32","51.32","51.32","51.32","-","-0.12%"
"2017년 03월 17일","51.38","51.38","51.38","51.38","-","-0.04%"
"2017년 03월 16일","51.40","51.40","51.40","51.40","-","0.04%"
"2017년 03월 15일","51.38","51.38","51.38","51.38","-","0.82%"
"2017년 03월 14일","50.96","50.96","50.96","50.96","-","-0.76%"
"2017년 03월 13일","51.35","51.35","51.35","51.35","-","-0.04%"
"2017년 03월 10일","51.37","51.37","51.37","51.37","-","-0.85%"
"2017년 03월 09일","51.81","51.81","51.81","51.81","-","-0.84%"
"2017년 03월 08일","52.25","52.25","52.25","52.25","-","-3.79%"
"2017년 03월 07일","54.31","54.31","54.31","54.31","-","-0.02%"
"2017년 03월 06일","54.32","54.32","54.32","54.32","-","-0.06%"
"2017년 03월 03일","54.35","54.35","54.35","54.35","-","0.91%"
"2017년 03월 02일","53.86","53.86","53.86","53.86","-","-1.98%"
"2017년 03월 01일","54.95","54.95","54.95","54.95","-","0.94%"
"2017년 02월 28일","54.44","54.44","54.44","54.44","-","0.02%"
"2017년 02월 27일","54.43","54.43","54.43","54.43","-","0.09%"
"2017년 02월 24일","54.38","54.38","54.38","54.38","-","-0.06%"
"2017년 02월 23일","54.41","54.41","54.41","54.41","-","0.26%"
"2017년 02월 22일","54.27","54.27","54.27","54.27","-","-0.28%"
"2017년 02월 21일","54.42","54.42","54.42","54.42","-","0.37%"
"2017년 02월 17일","54.22","54.22","54.22","54.22","-","0.18%"
"2017년 02월 16일","54.12","54.12","54.12","54.12","-","-0.04%"
"2017년 02월 15일","54.14","54.14","54.14","54.14","-","-0.24%"
"2017년 02월 14일","54.27","54.27","54.27","54.27","-","0.44%"
"2017년 02월 13일","54.03","54.03","54.03","54.03","-","-1.03%"
"2017년 02월 10일","54.59","54.59","54.59","54.59","0.10K","0.89%"
"2017년 02월 09일","54.11","54.11","54.11","54.11","-","0.71%"
"2017년 02월 08일","53.73","53.73","53.73","53.73","-","-0.32%"
"2017년 02월 07일","53.90","53.90","53.90","53.90","-","-0.65%"
"2017년 02월 06일","54.25","54.25","54.25","54.25","-","-1.52%"
"2017년 02월 03일","55.09","55.09","55.09","55.09","-","0.79%"
"2017년 02월 02일","54.66","54.66","54.66","54.66","-","0.40%"
"2017년 02월 01일","54.44","54.44","54.44","54.44","-","1.34%"
"2017년 01월 31일","53.72","53.72","53.72","53.72","-","-0.04%"
"2017년 01월 30일","53.74","53.74","53.74","53.74","-","-0.04%"
"2017년 01월 27일","53.76","53.76","53.76","53.76","0.20K","-0.07%"
"2017년 01월 26일","53.80","53.80","53.80","53.80","-","0.24%"
"2017년 01월 25일","53.67","53.67","53.67","53.67","-","-0.06%"
"2017년 01월 24일","53.70","53.70","53.70","53.70","-","0.11%"
"2017년 01월 23일","53.64","53.64","53.64","53.64","0.20K","-0.19%"
"2017년 01월 20일","53.74","53.74","53.74","53.74","-","0.81%"
"2017년 01월 19일","53.31","53.31","53.31","53.31","-","0.38%"
"2017년 01월 18일","53.11","53.11","53.11","53.11","-","-1.08%"
"2017년 01월 17일","53.69","53.69","53.69","53.69","-","-0.06%"
"2017년 01월 13일","53.72","53.72","53.72","53.72","-","-0.33%"
"2017년 01월 12일","53.90","53.90","53.90","53.90","-","0.97%"
"2017년 01월 11일","53.38","53.38","53.38","53.38","-","2.03%"
"2017년 01월 10일","52.32","52.32","52.32","52.32","-","-1.64%"
"2017년 01월 09일","53.19","53.19","53.19","53.19","-","-2.97%"
"2017년 01월 06일","54.82","54.82","54.82","54.82","-","0.11%"
"2017년 01월 05일","54.76","54.76","54.76","54.76","-","0.79%"
"2017년 01월 04일","54.33","54.33","54.33","54.33","-","2.20%"
"2017년 01월 03일","53.16","53.16","53.16","53.16","-","2.03%"
"2016년 12월 30일","52.10","52.10","52.10","52.10","-","-0.04%"
"2016년 12월 29일","52.12","52.12","52.12","52.12","-","-0.04%"
"2016년 12월 28일","52.14","52.14","52.14","52.14","-","0.10%"
"2016년 12월 27일","52.09","52.09","52.09","52.09","-","0.25%"
"2016년 12월 23일","51.96","51.96","51.96","51.96","-","0.04%"
"2016년 12월 22일","51.94","51.94","51.94","51.94","-","0.46%"
"2016년 12월 21일","51.70","51.70","51.70","51.70","-","-0.48%"
"2016년 12월 20일","51.95","51.95","51.95","51.95","-","0.27%"
"2016년 12월 19일","51.81","51.81","51.81","51.81","-","-0.38%"
"2016년 12월 16일","52.01","52.01","52.01","52.01","-","0.95%"
"2016년 12월 15일","51.52","51.52","51.52","51.52","-","0.21%"
"2016년 12월 14일","51.41","51.41","51.41","51.41","-","-1.83%"
"2016년 12월 13일","52.37","52.37","52.37","52.37","-","0.21%"
"2016년 12월 12일","52.26","52.26","52.26","52.26","-","1.85%"
"2016년 12월 09일","51.31","51.31","51.31","51.31","-","0.63%"
"2016년 12월 08일","50.99","50.99","50.99","50.99","-","1.27%"
"2016년 12월 07일","50.35","50.35","50.35","50.35","-","-1.33%"
"2016년 12월 06일","51.03","51.03","51.03","51.03","-","-0.93%"
"2016년 12월 05일","51.51","51.51","51.51","51.51","-","0.94%"
"2016년 12월 02일","51.03","51.03","51.03","51.03","-","0.33%"
"2016년 12월 01일","50.86","50.86","50.86","50.86","-","15.93%"
"2016년 11월 30일","43.87","43.87","43.87","43.87","-","-0.02%"
"2016년 11월 29일","43.88","43.88","43.88","43.88","-","-0.32%"
"2016년 11월 28일","44.02","44.02","44.02","44.02","-","0.16%"
"2016년 11월 25일","43.95","43.95","43.95","43.95","-","-0.45%"
"2016년 11월 23일","44.15","44.15","44.15","44.15","-","-0.09%"
"2016년 11월 22일","44.19","44.19","44.19","44.19","-","0.09%"
"2016년 11월 21일","44.15","44.15","44.15","44.15","-","1.54%"
"2016년 11월 18일","43.48","43.48","43.48","43.48","-","0.42%"
"2016년 11월 17일","43.30","43.30","43.30","43.30","-","-0.16%"
"2016년 11월 16일","43.37","43.37","43.37","43.37","-","-0.41%"
"2016년 11월 15일","43.55","43.55","43.55","43.55","-","2.88%"
"2016년 11월 14일","42.33","42.33","42.33","42.33","-","-0.28%"
"2016년 11월 11일","42.45","42.45","42.45","42.45","-","-1.37%"
"2016년 11월 10일","43.04","43.04","43.04","43.04","-","-0.78%"
"2016년 11월 09일","43.38","43.38","43.38","43.38","-","0.95%"
"2016년 11월 08일","42.97","42.97","42.97","42.97","-","-0.16%"
"2016년 11월 07일","43.04","43.04","43.04","43.04","-","1.15%"
"2016년 11월 04일","42.55","42.55","42.55","42.55","-","-1.34%"
"2016년 11월 03일","43.13","43.13","43.13","43.13","-","-1.12%"
"2016년 11월 02일","43.62","43.62","43.62","43.62","-","-2.37%"
"2016년 11월 01일","44.68","44.68","44.68","44.68","-","-0.53%"
"2016년 10월 31일","44.92","44.92","44.92","44.92","-","-8.38%"
"2016년 10월 28일","49.03","49.03","49.03","49.03","-","-0.06%"
"2016년 10월 27일","49.06","49.06","49.06","49.06","-","0.20%"
"2016년 10월 26일","48.96","48.96","48.96","48.96","-","-0.18%"
"2016년 10월 25일","49.05","49.05","49.05","49.05","-","-0.28%"
"2016년 10월 24일","49.19","49.19","49.19","49.19","-","-0.12%"
"2016년 10월 21일","49.25","49.25","49.25","49.25","-","0.35%"
"2016년 10월 20일","49.08","49.08","49.08","49.08","0.20K","-0.87%"
"2016년 10월 19일","49.51","49.51","49.51","49.51","-","0.92%"
"2016년 10월 18일","49.06","49.06","49.06","49.06","-","-0.04%"
"2016년 10월 17일","49.08","49.08","49.08","49.08","-","-0.59%"
"2016년 10월 14일","49.37","49.37","49.37","49.37","-","0.18%"
"2016년 10월 13일","49.28","49.28","49.28","49.28","-","0.37%"
"2016년 10월 12일","49.10","49.10","49.10","49.10","-","-0.79%"
"2016년 10월 11일","49.49","49.49","49.49","49.49","-","-0.88%"
"2016년 10월 10일","49.93","49.93","49.93","49.93","-","1.75%"
"2016년 10월 07일","49.07","49.07","49.07","49.07","-","-0.71%"
"2016년 10월 06일","49.42","49.42","49.42","49.42","-","0.96%"
"2016년 10월 05일","48.95","48.95","48.95","48.95","-","1.66%"
"2016년 10월 04일","48.15","48.15","48.15","48.15","-","0.29%"
"2016년 10월 03일","48.01","48.01","48.01","48.01","-","10.62%"
"2016년 09월 29일","43.40","43.40","43.40","43.40","-","0.02%"
"2016년 09월 28일","43.39","43.39","43.39","43.39","-","0.58%"
"2016년 09월 27일","43.14","43.14","43.14","43.14","-","-0.60%"
"2016년 09월 26일","43.40","43.40","43.40","43.40","-","0.60%"
"2016년 09월 23일","43.14","43.14","43.14","43.14","-","-1.03%"
"2016년 09월 22일","43.59","43.59","43.59","43.59","-","0.60%"
"2016년 09월 21일","43.33","43.33","43.33","43.33","-","0.81%"
"2016년 09월 20일","42.98","42.98","42.98","42.98","0.20K","-0.07%"
"2016년 09월 19일","43.01","43.01","43.01","43.01","-","0.19%"
"2016년 09월 16일","42.93","42.93","42.93","42.93","-","-0.83%"
"2016년 09월 15일","43.29","43.29","43.29","43.29","-","1.00%"
"2016년 09월 14일","42.86","42.86","42.86","42.86","-","-1.63%"
"2016년 09월 13일","43.57","43.57","43.57","43.57","-","-2.94%"
"2016년 09월 12일","44.89","44.89","44.89","44.89","-","1.77%"
"2016년 09월 09일","44.11","44.11","44.11","44.11","-","-2.91%"
"2016년 09월 08일","45.43","45.43","45.43","45.43","-","2.97%"
"2016년 09월 07일","44.12","44.12","44.12","44.12","-","1.36%"
"2016년 09월 06일","43.53","43.53","43.53","43.53","-","0.83%"
"2016년 09월 02일","43.17","43.17","43.17","43.17","-","3.06%"
"2016년 09월 01일","41.89","41.89","41.89","41.89","-","-4.14%"
"2016년 08월 31일","43.70","43.70","43.70","43.70","-","-0.05%"
"2016년 08월 30일","43.72","43.72","43.72","43.72","-","-0.05%"
"2016년 08월 29일","43.74","43.74","43.74","43.74","-","-0.23%"
"2016년 08월 26일","43.84","43.84","43.84","43.84","-","0.05%"
"2016년 08월 25일","43.82","43.82","43.82","43.82","-","0.27%"
"2016년 08월 24일","43.70","43.70","43.70","43.70","-","-0.59%"
"2016년 08월 23일","43.96","43.96","43.96","43.96","-","0.34%"
"2016년 08월 22일","43.81","43.81","43.81","43.81","-","-1.44%"
"2016년 08월 19일","44.45","44.45","44.45","44.45","-","-0.11%"
"2016년 08월 18일","44.50","44.50","44.50","44.50","-","0.77%"
"2016년 08월 17일","44.16","44.16","44.16","44.16","-","0.73%"
"2016년 08월 16일","43.84","43.84","43.84","43.84","-","1.32%"
"2016년 08월 15일","43.27","43.27","43.27","43.27","-","1.76%"
"2016년 08월 12일","42.52","42.52","42.52","42.52","-","1.31%"
"2016년 08월 11일","41.97","41.97","41.97","41.97","-","3.12%"
"2016년 08월 10일","40.70","40.70","40.70","40.70","-","-1.14%"
"2016년 08월 09일","41.17","41.17","41.17","41.17","-","-1.08%"
"2016년 08월 08일","41.62","41.62","41.62","41.62","-","2.21%"
"2016년 08월 05일","40.72","40.72","40.72","40.72","-","-0.34%"
"2016년 08월 04일","40.86","40.86","40.86","40.86","-","2.77%"
"2016년 08월 03일","39.76","39.76","39.76","39.76","-","2.79%"
"2016년 08월 02일","38.68","38.68","38.68","38.68","-","-0.62%"
"2016년 08월 01일","38.92","38.92","38.92","38.92","-","-8.45%"
"2016년 07월 28일","42.51","42.51","42.51","42.51","-","0.00%"
"2016년 07월 27일","42.51","42.51","42.51","42.51","-","-0.12%"
"2016년 07월 26일","42.56","42.56","42.56","42.56","-","-0.07%"
"2016년 07월 25일","42.59","42.59","42.59","42.59","-","-0.42%"
"2016년 07월 22일","42.77","42.77","42.77","42.77","-","-0.95%"
"2016년 07월 21일","43.18","43.18","43.18","43.18","-","-0.21%"
"2016년 07월 20일","43.27","43.27","43.27","43.27","-","0.49%"
"2016년 07월 19일","43.06","43.06","43.06","43.06","-","-0.28%"
"2016년 07월 18일","43.18","43.18","43.18","43.18","-","-1.12%"
"2016년 07월 15일","43.67","43.67","43.67","43.67","-","0.34%"
"2016년 07월 14일","43.52","43.52","43.52","43.52","-","1.63%"
"2016년 07월 13일","42.82","42.82","42.82","42.82","-","-3.32%"
"2016년 07월 12일","44.29","44.29","44.29","44.29","-","3.38%"
"2016년 07월 11일","42.84","42.84","42.84","42.84","-","-0.70%"
"2016년 07월 08일","43.14","43.14","43.14","43.14","-","0.96%"
"2016년 07월 07일","42.73","42.73","42.73","42.73","-","-4.47%"
"2016년 07월 06일","44.73","44.73","44.73","44.73","-","1.61%"
"2016년 07월 05일","44.02","44.02","44.02","44.02","-","-3.82%"
"2016년 07월 01일","45.77","45.77","45.77","45.77","-","-1.06%"
"2016년 06월 30일","46.26","46.26","46.26","46.26","-","-0.11%"
"2016년 06월 29일","46.31","46.31","46.31","46.31","-","0.26%"
"2016년 06월 28일","46.19","46.19","46.19","46.19","-","0.35%"
"2016년 06월 27일","46.03","46.03","46.03","46.03","-","-0.28%"
"2016년 06월 24일","46.16","46.16","46.16","46.16","-","-1.01%"
"2016년 06월 23일","46.63","46.63","46.63","46.63","-","0.54%"
"2016년 06월 22일","46.38","46.38","46.38","46.38","-","-0.49%"
"2016년 06월 21일","46.61","46.61","46.61","46.61","-","-0.17%"
"2016년 06월 20일","46.69","46.69","46.69","46.69","-","1.19%"
"2016년 06월 17일","46.14","46.14","46.14","46.14","0.40K","1.70%"
"2016년 06월 16일","45.37","45.37","45.37","45.37","-","-1.80%"
"2016년 06월 15일","46.20","46.20","46.20","46.20","-","-0.94%"
"2016년 06월 14일","46.64","46.64","46.64","46.64","-","-0.62%"
"2016년 06월 13일","46.93","46.93","46.93","46.93","-","-0.06%"
"2016년 06월 10일","46.96","46.96","46.96","46.96","-","-1.96%"
"2016년 06월 09일","47.90","47.90","47.90","47.90","-","-0.62%"
"2016년 06월 08일","48.20","48.20","48.20","48.20","-","1.92%"
"2016년 06월 07일","47.29","47.29","47.29","47.29","-","1.61%"
"2016년 06월 06일","46.54","46.54","46.54","46.54","-","1.11%"
"2016년 06월 03일","46.03","46.03","46.03","46.03","-","-0.71%"
"2016년 06월 02일","46.36","46.36","46.36","46.36","-","0.87%"
"2016년 06월 01일","45.96","45.96","45.96","45.96","-","3.82%"
"2016년 05월 31일","44.27","44.27","44.27","44.27","-","-0.09%"
"2016년 05월 27일","44.31","44.31","44.31","44.31","-","-0.07%"
"2016년 05월 26일","44.34","44.34","44.34","44.34","-","-0.11%"
"2016년 05월 25일","44.39","44.39","44.39","44.39","-","0.41%"
"2016년 05월 24일","44.21","44.21","44.21","44.21","-","0.11%"
"2016년 05월 23일","44.16","44.16","44.16","44.16","-","-0.27%"
"2016년 05월 20일","44.28","44.28","44.28","44.28","-","-0.11%"
"2016년 05월 19일","44.33","44.33","44.33","44.33","-","0.02%"
"2016년 05월 18일","44.32","44.32","44.32","44.32","-","-0.36%"
"2016년 05월 17일","44.48","44.48","44.48","44.48","-","0.47%"
"2016년 05월 16일","44.27","44.27","44.27","44.27","-","1.30%"
"2016년 05월 13일","43.70","43.70","43.70","43.70","-","-0.64%"
"2016년 05월 12일","43.98","43.98","43.98","43.98","-","0.71%"
"2016년 05월 11일","43.67","43.67","43.67","43.67","-","3.12%"
"2016년 05월 10일","42.35","42.35","42.35","42.35","-","3.37%"
"2016년 05월 09일","40.97","40.97","40.97","40.97","-","-3.10%"
"2016년 05월 06일","42.28","42.28","42.28","42.28","-","0.86%"
"2016년 05월 05일","41.92","41.92","41.92","41.92","-","0.29%"
"2016년 05월 04일","41.80","41.80","41.80","41.80","-","-0.19%"
"2016년 05월 03일","41.88","41.88","41.88","41.88","-","-1.34%"
"2016년 05월 02일","42.45","42.45","42.45","42.45","-","8.76%"
"2016년 04월 29일","39.03","39.03","39.03","39.03","-","0.08%"
"2016년 04월 28일","39.00","39.00","39.00","39.00","-","0.08%"
"2016년 04월 27일","38.97","38.97","38.97","38.97","-","0.44%"
"2016년 04월 26일","38.80","38.80","38.80","38.80","-","0.44%"
"2016년 04월 25일","38.63","38.63","38.63","38.63","-","-0.34%"
"2016년 04월 22일","38.76","38.76","38.76","38.76","-","0.49%"
"2016년 04월 21일","38.57","38.57","38.57","38.57","-","-0.92%"
"2016년 04월 20일","38.93","38.93","38.93","38.93","-","1.59%"
"2016년 04월 19일","38.32","38.32","38.32","38.32","-","1.00%"
"2016년 04월 18일","37.94","37.94","37.94","37.94","-","-0.26%"
"2016년 04월 15일","38.04","38.04","38.04","38.04","-","-1.17%"
"2016년 04월 14일","38.49","38.49","38.49","38.49","-","-0.39%"
"2016년 04월 13일","38.64","38.64","38.64","38.64","-","-1.00%"
"2016년 04월 12일","39.03","39.03","39.03","39.03","-","3.45%"
"2016년 04월 11일","37.73","37.73","37.73","37.73","-","1.59%"
"2016년 04월 08일","37.14","37.14","37.14","37.14","-","4.94%"
"2016년 04월 07일","35.39","35.39","35.39","35.39","-","-0.95%"
"2016년 04월 06일","35.73","35.73","35.73","35.73","-","4.63%"
"2016년 04월 05일","34.15","34.15","34.15","34.15","-","0.29%"
"2016년 04월 04일","34.05","34.05","34.05","34.05","-","-1.99%"
"2016년 04월 01일","34.74","34.74","34.74","34.74","-","-1.14%"
"2016년 03월 31일","35.14","35.14","35.14","35.14","-","-0.11%"
"2016년 03월 30일","35.18","35.18","35.18","35.18","-","0.20%"
"2016년 03월 29일","35.11","35.11","35.11","35.11","-","-0.31%"
"2016년 03월 28일","35.22","35.22","35.22","35.22","-","-0.03%"
"2016년 03월 24일","35.23","35.23","35.23","35.23","-","-0.23%"
"2016년 03월 23일","35.31","35.31","35.31","35.31","-","-1.29%"
"2016년 03월 22일","35.77","35.77","35.77","35.77","-","0.25%"
"2016년 03월 21일","35.68","35.68","35.68","35.68","-","0.34%"
"2016년 03월 18일","35.56","35.56","35.56","35.56","-","-0.14%"
"2016년 03월 17일","35.61","35.61","35.61","35.61","-","1.66%"
"2016년 03월 16일","35.03","35.03","35.03","35.03","-","2.52%"
"2016년 03월 15일","34.17","34.17","34.17","34.17","-","-0.99%"
"2016년 03월 14일","34.51","34.51","34.51","34.51","-","-1.37%"
"2016년 03월 11일","34.99","34.99","34.99","34.99","-","1.13%"
"2016년 03월 10일","34.60","34.60","34.60","34.60","-","-1.87%"
"2016년 03월 09일","35.26","35.26","35.26","35.26","-","2.59%"
"2016년 03월 08일","34.37","34.37","34.37","34.37","-","-2.83%"
"2016년 03월 07일","35.37","35.37","35.37","35.37","-","5.11%"
"2016년 03월 04일","33.65","33.65","33.65","33.65","-","4.18%"
"2016년 03월 03일","32.30","32.30","32.30","32.30","-","0.62%"
"2016년 03월 02일","32.10","32.10","32.10","32.10","-","-0.22%"
"2016년 03월 01일","32.17","32.17","32.17","32.17","-","9.80%"
"2016년 02월 29일","29.30","29.30","29.30","29.30","-","-0.20%"
"2016년 02월 26일","29.36","29.36","29.36","29.36","-","0.34%"
"2016년 02월 25일","29.26","29.26","29.26","29.26","-","-0.31%"
"2016년 02월 24일","29.35","29.35","29.35","29.35","-","0.17%"
"2016년 02월 23일","29.30","29.30","29.30","29.30","-","-0.88%"
"2016년 02월 22일","29.56","29.56","29.56","29.56","-","1.30%"
"2016년 02월 19일","29.18","29.18","29.18","29.18","-","-1.25%"
"2016년 02월 18일","29.55","29.55","29.55","29.55","-","-0.07%"
"2016년 02월 17일","29.57","29.57","29.57","29.57","-","3.72%"
"2016년 02월 16일","28.51","28.51","28.51","28.51","-","-1.49%"
"2016년 02월 12일","28.94","28.94","28.94","28.94","-","7.54%"
"2016년 02월 11일","26.91","26.91","26.91","26.91","-","-2.04%"
"2016년 02월 10일","27.47","27.47","27.47","27.47","-","-8.65%"
"2016년 02월 09일","30.07","30.07","30.07","30.07","-","0.00%"
"2016년 02월 08일","30.07","30.07","30.07","30.07","-","0.00%"
"2016년 02월 05일","30.07","30.07","30.07","30.07","-","-1.09%"
"2016년 02월 04일","30.40","30.40","30.40","30.40","-","-1.71%"
"2016년 02월 03일","30.93","30.93","30.93","30.93","-","8.60%"
"2016년 02월 02일","28.48","28.48","28.48","28.48","-","-4.91%"
"2016년 02월 01일","29.95","29.95","29.95","29.95","-","11.71%"
"2016년 01월 29일","26.81","26.81","26.81","26.81","-","0.07%"
"2016년 01월 28일","26.79","26.79","26.79","26.79","-","0.30%"
"2016년 01월 27일","26.71","26.71","26.71","26.71","-","0.41%"
"2016년 01월 26일","26.60","26.60","26.60","26.60","-","0.83%"
"2016년 01월 25일","26.38","26.38","26.38","26.38","-","-1.27%"
"2016년 01월 22일","26.72","26.72","26.72","26.72","-","2.69%"
"2016년 01월 21일","26.02","26.02","26.02","26.02","-","1.76%"
"2016년 01월 20일","25.57","25.57","25.57","25.57","-","-1.96%"
"2016년 01월 19일","26.08","26.08","26.08","26.08","-","-1.02%"
"2016년 01월 15일","26.35","26.35","26.35","26.35","-","-3.30%"
"2016년 01월 14일","27.25","27.25","27.25","27.25","-","0.85%"
"2016년 01월 13일","27.02","27.02","27.02","27.02","-","-1.13%"
"2016년 01월 12일","27.33","27.33","27.33","27.33","-","-1.90%"
"2016년 01월 11일","27.86","27.86","27.86","27.86","-","-4.46%"
"2016년 01월 08일","29.16","29.16","29.16","29.16","-","0.55%"
"2016년 01월 07일","29.00","29.00","29.00","29.00","-","0.03%"
"2016년 01월 06일","28.99","28.99","28.99","28.99","-","-6.03%"
"2016년 01월 05일","30.85","30.85","30.85","30.85","-","-3.89%"
"2016년 01월 04일","32.10","32.10","32.10","32.10","-","-7.20%"
"2015년 12월 31일","34.59","34.59","34.59","34.59","-","0.06%"
"2015년 12월 30일","34.57","34.57","34.57","34.57","-","-0.26%"
"2015년 12월 29일","34.66","34.66","34.66","34.66","-","0.23%"
"2015년 12월 28일","34.58","34.58","34.58","34.58","-","-0.43%"